edge	sum_in	sum_out
3036	70.5967	34.0302
3035	21.98	10.5952
1343	51.154	24.6581
2855	6.24679	3.01118
2101	33.0741	15.943
2551	7.03327	3.39029
2854	2.50313	3.36721
2102	6.29497	3.03441
2552	0.288901	0.463314
2853	0.420631	1.40307
2100	24.21	11.6701
2553	2.79356	6.16016
2852	3.35898	18.4838
958	29.9485	14.4363
992	11.4508	5.51973
2554	0.920316	2.87256
3003	16.8986	8.14575
3285	83.1264	40.07
991	1.91914	2.2174
2555	0.18028	0.903041
1148	47.5181	22.9055
2490	170.496	82.1851
539	107.163	51.6565
1974	177.683	85.6498
990	0.348768	1.11759
2550	0.107197	0.605246
2692	19.5716	9.43423
2983	85.4681	41.1988
158	159.162	76.7222
1091	36.7012	17.6913
1973	3.27436	1.57836
989	0.0144434	0.0863359
2694	0.20395	0.281604
1515	6.75923	3.2582
1956	11.8737	5.72359
2611	14.6303	7.05232
3349	19.79	9.53951
1092	1.36121	1.74901
1972	0.292896	0.292896
988	1.94395	9.11046
2693	0.181866	0.503132
1514	1.93448	2.24508
1955	43.6681	21.0496
2608	0.362943	0.608068
2703	69.6336	33.566
3101	100.326	48.3609
1089	0.383969	1.26076
1975	0.180239	0.0377359
987	1.13195	4.9211
2691	0.101627	0.543981
1513	8.60294	9.98422
2609	0.0830917	0.297578
2700	3.3979	4.35439
1775	113.399	54.6626
2744	5.94685	2.8666
1088	0.298335	2.10641
1971	0.898815	0.497544
2690	0.0554667	0.548928
1512	0.357235	1.18215
2610	0.0683307	0.264078
2701	0.367872	1.2335
1081	78.8995	38.0325
1479	62.1533	29.9602
2743	4.44706	2.14365
1090	0.182294	1.7762
907	4.65147	2.57484
983	1.11166	0.615366
2689	1.02989	9.67643
1511	0.317753	2.75923
2612	0.27763	0.706361
2702	0.142915	0.906153
1080	10.8985	14.0334
1824	73.7796	35.5645
2946	61.6229	29.7045
2745	48.3007	23.2827
1086	1.52943	6.05219
908	0.623795	0.345305
2607	0.508814	0.756254
2704	0.671407	4.99844
1079	0.196078	0.599679
1825	1.47612	2.45199
198	98.0092	47.2441
238	167.396	80.6911
2742	2.94782	4.15636
1087	0.112867	0.695152
906	2.76111	1.52843
3023	0.242982	0.361146
3364	0.47743	0.709608
2699	1.51781	7.52772
788	0.17227	0.526863
2087	0.380407	1.16342
1822	0.0622083	0.278488
197	12.0839	14.6205
952	37.7582	18.2009
3236	73.0715	35.2231
1085	0.0630133	0.536708
774	2.53073	1.4009
2544	3.2906	1.82153
3022	0.400902	0.89045
3363	0.938268	1.74111
787	0.011606	0.0904464
2086	0.769419	0.549837
1823	0.049421	0.274596
196	9.23512	22.5055
29	1.98519	0.956937
652	22.1442	10.6743
3237	4.76274	2.29582
770	0.405248	0.421685
2543	5.87759	3.25357
790	0.33679	3.10998
2056	0.0788387	0.0563392
2408	0.742587	0.530663
1826	0.173605	0.722112
195	0.918919	2.97329
28	66.3685	31.9921
650	14.5127	16.6248
3238	66.1778	31.9001
771	0.0317941	0.0380557
2118	0.49645	0.274812
2221	5.49969	3.04438
789	0.00544197	0.0788155
2055	0.166035	0.220441
2407	0.213133	0.29615
1827	0.0662616	0.357333
1152	1.50862	4.88135
2014	1.84061	5.95554
651	0.393772	1.13475
3235	6.24647	3.01103
772	0.0765079	0.0774911
2120	0.0696542	0.085064
2220	0.206431	0.114271
791	0.0253742	0.256801
2054	0.00397644	0.00797135
2406	0.0924431	0.214734
1821	0.0368199	0.200504
2062	0.826974	2.67579
2662	0.928237	3.00344
2013	1.33702	8.8485
649	0.179423	0.929537
285	37.2334	17.9479
2270	165.347	79.7036
773	0.0575909	0.0456391
2119	0.358946	0.458217
2219	0.276684	0.227058
794	0.167473	0.421385
2840	0.0739638	0.148271
3034	0.0763072	0.152969
2061	0.328067	1.49927
2661	1.39994	6.53727
746	1.15066	5.96125
1002	0.233145	1.20786
286	29.3538	38.8096
1071	55.8887	26.9404
3477	17.0344	8.21123
769	0.256573	0.184326
2117	1.03983	1.56563
259	3.93348	3.22796
1950	1.88252	1.54487
795	0.0336834	0.0955731
2839	0.0129408	0.0522691
2060	0.269304	1.01828
712	0.872572	4.07464
716	1.58247	7.38964
913	3.01708	15.6306
3150	1.01769	5.27234
284	0.62215	2.19514
184	15.2898	7.37023
3317	76.2869	36.7731
3478	8.17784	11.6042
1478	0.341085	0.24504
2531	0.0783165	0.0562637
2116	1.06004	2.16354
1949	0.0704419	0.0578073
793	0.0132858	0.0281715
981	0.619029	2.34064
1375	0.559859	2.11691
711	0.03662	0.294162
717	0.358583	2.93098
183	5.64663	7.29265
3021	51.6684	24.9061
3170	17.5904	8.47922
3476	2.02311	7.73421
1476	0.122154	0.118844
2530	0.145719	0.112307
957	0.870373	0.714261
2183	0.871201	0.714941
792	0.00841723	0.0201207
980	0.152442	1.06019
1374	0.249865	1.51335
710	0.232694	1.71741
715	0.349449	2.85632
745	12.0189	15.5224
1677	17.3941	22.4645
425	13.5025	6.5087
3173	100.878	48.627
3169	31.8624	34.9433
1477	0.00803952	0.00599186
2532	0.403462	0.335206
956	0.183248	0.0684699
2182	32.1848	19.359
786	0.00813227	0.023543
2750	0.259492	1.91519
3001	0.313142	2.31116
714	0.172742	2.32123
744	5.21266	15.4722
1676	0.762811	3.10902
426	32.7751	41.0285
824	86.1433	41.5243
2670	5.50201	2.65217
3168	6.95476	6.47993
1471	0.220768	0.113159
2529	4.46172	5.52792
955	0.287475	0.0885225
1136	85.9415	51.6933
3440	26.6071	16.004
2749	0.0939554	1.23098
3000	0.132164	1.5626
482	2.75581	8.17976
698	2.73864	8.12879
424	27.9891	64.003
825	59.9015	28.8747
2671	13.1391	18.8698
1774	5.10899	4.76018
3266	19.7135	18.3676
1472	0.014963	0.00643263
2528	0.578454	1.36378
954	4.98184	1.85641
394	22.2936	13.4095
2920	11.9526	7.18939
3441	32.8435	19.7551
215	13.5458	30.9754
592	7.07651	16.1819
823	38.79	18.6982
2672	0.967924	3.33179
3265	16.4878	15.3621
1473	0.441328	0.207191
475	0.731351	0.272528
1454	2.39252	0.891539
1881	39.9906	24.0541
3002	33.0223	19.8627
2919	0.715535	0.696264
3439	72.1794	43.4155
591	1.77325	10.0367
2488	88.8409	42.8246
3492	147.938	71.3118
2669	1.96067	7.02158
784	1.07143	0.998275
1778	4.96897	4.62972
1474	0.321213	0.195047
476	0.448268	0.229872
1453	1.15138	1.16078
273	43.0089	25.8696
324	49.837	29.9766
2104	16.4888	16.0447
2624	26.1536	25.4492
1942	12.8872	7.75154
2835	10.7963	6.49392
757	32.1073	15.4769
2151	14.4165	6.94931
2111	6.05232	2.91744
2723	121.758	58.6919
1049	0.877825	3.14369
2594	1.40153	5.01917
783	4.15108	7.85872
1777	10.5986	2.6725
1475	0.841576	0.720078
474	9.23532	7.77562
1452	0.0982385	0.244449
274	36.7212	22.0876
281	27.926	16.7973
2162	35.995	21.6508
2105	1.72005	3.57069
2623	33.2749	32.3788
1943	21.5751	26.3238
2834	3.58155	6.72885
756	2.95936	4.18813
2021	13.2008	6.36326
2868	47.5353	22.9138
2110	43.2939	29.7175
1229	8.56701	4.12962
2007	6.85548	3.3046
653	3.55738	0.897018
2012	0.878321	0.221475
1636	3.56939	0.900045
1470	1.04745	1.35122
446	2.25059	1.89487
2464	3.87484	3.2624
1451	0.32657	0.29704
275	5.23641	6.72094
1328	30.2283	18.1821
1803	18.5982	11.1867
2103	13.4308	43.8649
2622	0.540237	0.525687
1945	0.302777	1.054
2020	59.5454	28.7031
2869	28.7422	13.8548
1634	5.91853	4.06256
3498	14.98	10.2825
1228	62.0908	22.9264
2008	22.4951	30.1563
391	8.10564	2.04389
1178	2.13274	0.537785
2011	9.36516	5.2068
1014	1.17767	1.51922
1161	0.112231	0.14478
1729	17.6103	14.8269
2741	3.79412	3.19444
2463	0.455463	0.983399
1450	0.440895	0.401028
3178	0.203491	0.185091
276	1.86589	2.39488
1327	0.139783	0.148853
442	0.64083	0.623571
734	11.5519	11.2408
1944	0.0602544	0.290842
1503	74.723	36.0193
2109	41.2858	19.9013
2870	56.0765	27.0309
1633	0.494593	1.06132
3497	1.18121	0.810799
1165	72.2594	26.681
2370	190.247	70.2467
2009	3.73755	9.66268
392	16.2377	4.09445
1160	0.684652	0.610396
58	1.42728	1.20169
1784	22.6447	19.0656
1564	4.15067	3.49463
3016	5.31904	4.47833
2465	0.0867167	0.394733
1449	0.0795994	0.152551
3177	0.0420728	0.0502913
272	2.78736	3.57758
1326	18.2961	7.66678
443	13.5586	25.8939
606	40.8778	39.7768
2588	21.7938	21.2068
1941	0.360299	1.00224
1502	5.30128	7.10248
2108	11.0384	16.4934
2871	14.1062	6.79972
1632	0.0737064	0.363146
283	9.64222	6.61855
3008	11.1661	7.66459
1166	16.8106	6.20715
2369	14.512	3.29708
2006	1.86424	6.69469
390	1.09233	0.275439
1159	0.74182	0.906415
59	0.118377	0.12645
1783	3.30987	6.58735
1563	0.629083	1.46182
2462	0.125393	0.862995
3176	0.0287384	0.0158336
27	30.518	39.1699
2566	17.8632	22.9275
618	60.6854	25.4296
1103	57.7699	24.2079
441	2.81661	11.6382
2587	11.4248	11.1172
2825	0.442287	1.23031
3085	0.135415	0.376683
112	22.7675	30.5031
2257	37.4327	50.1511
2867	17.1174	21.6801
1660	7.40035	5.0797
2354	4.33596	2.97626
3007	0.885427	1.8837
1164	26.9263	29.5553
254	63.5117	14.4297
3090	11.2809	2.56299
2005	1.15973	5.38847
782	2.24978	0.567297
1559	11.6254	2.93141
95	0.547677	0.669195
3029	0.587407	0.717741
57	1.57624	0.962414
3175	0.481631	0.166948
26	2.3197	6.37619
2280	13.528	17.3632
3107	21.5886	27.709
228	1.31909	0.55275
3516	3.34211	1.40048
2586	8.06138	12.5584
3086	0.107946	0.438274
111	2.97492	10.4415
2258	0.618227	2.18118
4	3.23733	4.10024
2023	1.02969	1.30416
1659	1.2857	2.66814
2353	0.214439	0.147194
1912	4.5238	4.9655
3240	14.5701	15.9927
1376	116.301	26.4232
3335	39.8736	9.05917
3089	47.2393	10.7326
1028	2.10478	9.77947
2991	1.22611	5.69688
781	3.07706	1.87414
1560	9.80986	2.00024
94	0.395224	0.562677
122	10.3391	6.31276
1098	4.51832	2.75877
3174	0.160123	0.0834577
386	5.90063	16.2191
1996	5.3465	14.696
2282	0.315663	0.264477
1571	44.8902	18.8108
3129	7.22612	3.02803
3515	22.3463	27.6313
2678	1.57386	2.45183
3220	16.3767	25.5123
3084	0.296188	0.501063
110	0.541552	4.41173
2256	0.232827	2.17734
5	1.00901	3.41867
2024	2.96874	3.76006
61	33.084	22.7093
2615	22.3783	15.3607
1911	1.39523	4.16378
409	2.49307	2.73648
3509	8.14355	8.93868
884	25.103	5.70331
1709	15.709	3.56904
535	3.745	0.850853
1688	1.6423	0.373126
780	0.727695	0.681306
1561	16.8263	5.93931
2513	5.64582	3.44719
3159	0.63934	0.390365
1099	1.02438	1.40304
1046	0.307094	0.16006
2237	0.138756	0.072321
2281	0.0870536	0.13824
289	28.4528	11.9228
1319	44.0456	18.4569
3128	2.26945	2.26945
3514	1.32922	2.40925
2677	1.33357	2.12886
11	0.122467	0.835501
2022	10.3764	19.2875
60	13.5793	13.3644
419	13.5658	9.31177
3518	22.7295	15.6018
408	2.24305	6.11486
3508	3.30277	9.14043
885	85.6323	31.9459
1710	11.5153	7.22448
536	5.74152	4.27867
1687	1.13356	0.852452
779	8.22707	11.8997
1558	1.40353	0.925223
2514	0.189328	0.225314
3160	18.1589	15.8772
1097	0.196261	0.511407
1045	0.00957649	0.005638
2236	0.00568908	0.00166075
2279	1.70772	0.700425
1275	46.6777	19.5598
3006	2.14921	0.900602
2451	3.32747	6.03112
3348	1.60446	2.90812
1016	9.5679	15.2738
1674	1.14208	1.82317
10	0.189712	1.58434
212	5.70131	10.5975
2972	5.12376	9.52395
1324	3.90293	3.84117
2015	2.72987	2.68667
1847	3.51623	2.41358
3228	13.5681	9.31333
3519	5.80482	9.70339
407	0.431045	2.40964
886	288.808	107.742
1711	0.717001	1.38812
537	0.525919	0.887838
1689	1.44228	3.0019
1871	5.33024	3.51376
3154	9.39537	6.19355
2512	0.0960306	0.13895
3158	7.93017	6.93373
1044	0.352017	0.354548
2235	0.011487	0.00522995
1059	13.2749	5.44473
2803	0.416157	0.170687
203	2.1073	0.883043
2128	51.635	21.6371
3005	4.74738	5.32118
3347	0.0207111	0.100696
1015	3.90139	9.90722
1673	2.73439	4.36508
9	0.237983	2.06075
1566	5.48973	10.2042
2833	5.54423	10.3055
1323	0.328363	0.323167
576	19.7593	19.4466
1013	11.3488	11.1692
1846	0.437819	0.437819
3227	4.93398	6.65651
3517	1.40386	3.79569
883	417.815	155.87
1712	0.150608	0.463115
538	1.4311	4.2788
1690	0.0224152	0.124186
2129	0.496788	0.327489
3038	11.3122	7.45712
3153	30.4566	20.0774
2359	1.84015	2.66258
2676	3.26361	4.72225
1056	0.847204	0.740752
3512	6.87338	6.00974
2001	0.0808043	0.0813851
3051	3.50584	3.53104
2234	0.00693427	0.00414551
1058	10.5366	5.97307
2802	2.80406	2.60855
204	8.18299	10.9438
608	125.789	52.7107
2491	55.66	23.3237
3004	1.09709	3.04746
82	4.69468	11.9217
1966	2.54187	6.45486
97	10.1341	16.1776
2814	0.372494	0.594635
8	0.184566	0.577187
1567	1.98556	7.61282
2832	9.40824	29.3945
803	6.00674	5.91169
1613	16.3469	16.0882
577	0.950586	2.55377
1012	1.49009	2.24634
670	3.83262	5.17065
2932	7.23842	9.76547
978	23.7095	8.84505
1048	25.061	9.34921
1708	0.370981	0.555391
533	0.827295	2.41917
1686	0.0432709	0.29528
707	5.56231	3.66675
2687	3.68983	2.43238
804	52.5357	34.6322
1125	26.9213	17.7469
2358	0.217986	0.472799
1055	0.695626	1.29496
3511	9.01308	10.2601
2000	0.0450887	0.0772846
2238	0.0849129	0.0914318
51	2.14991	1.21876
3205	1.00601	0.570294
645	5.38461	5.00918
2535	1.89119	1.75933
202	0.495473	1.81251
607	0.856465	1.12572
2568	2.19215	0.918597
3437	50.4665	21.1475
83	0.479768	2.31078
2098	1.45814	3.70281
3133	6.12009	15.5414
2813	8.00854	19.2626
7	0.266651	0.702881
1568	0.510485	3.16866
2831	0.318089	2.44577
575	0.00600576	0.0466496
663	5.46961	8.24557
1831	4.87976	7.35636
1694	9.35729	12.6241
3399	3.54606	4.78405
669	3.72402	5.02414
922	1.44887	1.95469
207	379.274	141.491
3138	15.8389	5.90883
1047	96.4025	109.378
1707	2.11998	3.54616
534	0.0503473	0.259634
705	9.88392	15.9228
1124	38.6276	25.4638
2357	0.792704	1.78331
1054	2.47246	6.32865
3510	7.02116	9.64176
1999	0.0276967	0.0471527
2233	0.00690802	0.0134633
52	0.250156	0.37992
1198	1.90409	1.07941
2374	2.61084	1.48006
3181	2.58696	2.40659
3555	5.19942	4.83689
2508	1.00042	0.930669
3557	1.94658	1.81086
2567	1.6627	1.92962
401	18.0462	7.56206
1962	4.26027	1.78522
85	0.70481	5.21199
2097	0.77923	3.90508
3134	0.538226	2.89141
890	3.24926	7.81531
1074	12.2174	29.386
6	0.835899	0.563918
1565	0.466886	2.28111
662	0.654669	1.97445
1830	4.8425	7.30019
1760	4.9274	6.64763
2432	5.44266	7.34278
208	63.4396	41.044
3137	168.524	62.8692
532	0.00388016	0.0376661
708	0.19887	0.488533
1700	5.45209	3.59409
2970	43.4381	28.635
2360	1.09674	2.67521
505	12.0471	16.5435
1929	1.1812	1.62207
1998	0.0273951	0.0338078
50	0.199966	0.618143
1197	1.57566	1.38008
2373	1.42482	2.04712
3182	0.445104	0.851671
3554	1.30593	2.72299
454	9.29633	10.7887
2632	14.382	16.6907
152	39.044	16.361
2979	3.98243	1.66879
1961	25.1682	25.0613
86	0.0605498	0.476519
3135	0.723663	4.33811
813	0.322397	0.775448
2791	8.01519	19.2786
459	3.36818	8.10133
2761	2.73977	6.58984
12	2.00078	1.78432
2268	0.206111	0.62162
2775	0.2165	0.652953
1829	4.60956	6.93133
3106	0.976787	1.3178
3206	0.527942	0.712255
2431	0.0115102	0.0400665
206	288.598	186.716
736	63.0541	23.5228
2150	88.9542	33.1851
531	0.19659	0.19659
706	0.286156	0.702953
1701	28.1266	18.5415
2356	0.0525682	0.265934
504	7.43592	16.2202
1928	4.84042	10.8207
2003	0.133323	0.131903
911	3.94671	3.45683
2321	9.28292	8.13067
3180	0.995662	2.73826
453	1.43987	4.5501
2631	0.700073	2.3626
1527	42.704	17.8946
2053	79.7051	33.3996
2978	8.83943	10.7105
2999	17.5172	17.4428
3405	12.461	12.4081
84	0.0301899	0.128714
3132	0.179652	1.31069
460	0.469679	2.86597
2760	1.1992	6.18253
3	1.20374	1.68198
2774	0.592021	1.91008
2250	1.81647	2.73139
2914	1.15938	1.74335
997	0.216251	0.752759
3368	0.467777	1.62831
340	44.4828	28.7793
801	68.8259	44.5287
934	65.3198	24.3681
3386	55.9443	20.8705
1274	40.5299	15.12
3281	43.2432	16.1323
704	2.90927	7.07479
1699	3.71931	2.45182
2002	0.253067	0.303234
188	1.00569	0.880863
376	4.09301	3.58496
2320	0.718941	1.55744
1179	32.7239	13.7126
2538	40.4144	16.9352
1897	42.2416	17.7009
3526	36.7894	15.4162
2977	0.560323	1.90857
2998	1.26781	3.40915
3404	1.09955	2.72061
81	0.362929	1.08072
458	0.352411	1.43063
2629	1.32969	1.85797
3543	3.61275	5.04809
2251	0.77483	2.00004
489	0.350321	0.526773
3304	7.56028	11.3683
339	46.8144	83.7736
723	17.5813	11.3747
1816	86.5395	55.989
935	71.7017	55.0577
3385	44.7598	55.6538
1273	90.8727	33.9008
3282	22.9632	8.5666
396	0.253329	0.616046
1238	3.40188	8.2727
1365	0.877749	0.578624
3454	15.7535	10.3849
1997	1.09686	1.59002
187	13.2012	11.5626
2339	3.32181	2.90949
2994	3.38709	2.96666
2319	0.166243	0.784168
661	2.35517	0.98691
2507	26.8051	11.2324
2537	7.64561	9.91653
2997	0.339107	1.96039
3406	1.96503	8.05452
2249	0.0755599	0.228212
490	1.4975	3.2437
3303	1.2402	3.15434
722	51.0315	87.9939
23	16.9938	10.9946
2090	48.0931	31.1151
933	3.30423	5.21595
3384	0.310494	0.91722
436	33.7021	12.5728
3309	45.801	17.0865
3280	36.4679	44.1482
1394	2.72437	6.62515
2848	1.21908	2.96456
1366	0.60747	1.14569
2614	32.8806	21.6754
3383	1.16465	0.767755
486	0.463369	0.405853
759	0.802081	0.702523
2340	1.24222	1.94087
2993	4.73486	9.07569
660	3.30548	4.25567
621	1.8556	0.777571
1769	11.4089	4.7808
2996	0.218978	2.09274
3407	0.238358	1.50965
853	0.899819	2.7177
3199	0.608624	1.83822
488	0.126653	0.366366
721	19.0142	90.7651
22	22.1122	24.3601
586	291.458	188.566
1380	69.5175	44.9762
1141	6.96044	20.5616
3053	3.86947	11.4307
435	13.3467	4.97911
3308	12.5595	15.8841
2929	26.491	32.0701
3513	74.8307	90.5901
1569	2.30804	5.61271
1666	2.85146	6.9342
1364	1.61923	4.44778
1615	0.763968	0.503618
3481	3.27734	2.16046
3382	7.46776	13.8178
485	3.95465	7.54713
758	1.8212	3.84222
2338	1.00616	2.61415
659	0.99797	3.36465
620	11.8721	14.703
1189	1.64875	0.690893
2565	2.78132	1.16548
2995	0.0463463	0.632149
3409	0.403109	2.18409
852	0.0500565	0.364634
3198	0.628122	2.93707
611	0.0118787	0.0343613
3312	1.74915	5.05972
282	106.337	117.148
1501	132.274	145.721
402	207.739	134.402
1681	172.793	111.793
1379	887.519	574.204
3054	0.0314355	0.216913
2764	6.88131	2.56713
3118	119.646	44.635
3307	11.6273	32.8153
109	37.0686	44.8753
1508	9.25801	11.2078
1614	32.7798	37.1697
3480	3.97419	2.61984
1060	1.52115	3.95217
3421	0.432828	1.12455
2188	6.72652	8.33043
3194	6.81542	8.44052
2186	17.2876	7.2442
3430	3.15422	1.32174
2564	1.33007	1.7171
3408	0.218081	0.701201
612	1.557	4.61208
1891	13.8777	15.2885
2138	26.991	29.7349
510	37.3088	24.1379
2561	29.0264	18.7794
1332	60.8998	39.4007
3338	29.2446	18.9206
3052	0.716246	5.48702
2765	5.84931	6.33736
1155	156.925	58.542
2524	188.919	70.4777
445	3.61205	4.09577
973	14.6881	16.6551
397	30.1561	19.8793
2377	2.13301	1.40611
3422	0.495752	1.94105
2187	3.37521	8.63112
3193	0.772662	2.61774
2185	11.7909	6.90487
3431	4.04681	3.41092
2563	4.09578	10.814
3401	1.03335	2.96614
610	0.00541078	0.041684
1890	249.774	275.167
2137	43.8435	48.3006
511	356.664	230.753
134	20.7894	13.4502
628	132.869	85.9634
3337	204.335	132.2
2763	14.1675	42.2773
1156	41.3073	15.41
2207	20.9077	7.79978
3061	119.353	44.5258
444	7.9452	23.4476
257	24.1181	27.3479
1909	1.29614	1.46972
522	25.2785	16.6639
2881	4.9374	3.2548
2376	9.20714	14.1251
3420	0.113978	0.611045
1043	6.10264	3.57377
3141	4.39179	2.57188
3429	1.5687	3.17466
3402	0.330638	0.235149
1889	58.7346	64.7055
2136	139.047	305.035
509	82.4544	53.3461
133	1.05776	1.90429
491	152.087	98.3965
2505	15.0665	9.74769
3339	154.319	99.8408
1154	5.87899	6.80532
2206	201.452	75.1532
1188	70.9754	26.478
1548	194.225	72.4574
256	22.8984	25.9649
1910	0.0561371	0.15168
521	1.1119	1.50637
2880	55.0709	36.3035
1766	9.73245	14.931
3020	7.68695	11.7929
1042	4.8982	4.2771
3140	6.29035	10.9118
2785	11.3757	23.0215
3179	11.3047	22.878
3403	0.0245927	0.0186792
261	45.4201	50.0375
1600	2.56542	2.82622
2135	6.13719	31.4779
949	126.113	81.5922
2092	26.8518	17.3725
132	10.74	52.9298
1082	165.796	107.266
2332	17.1657	11.1058
2506	0.950569	1.66632
3336	22.5271	29.8296
1153	12.0436	38.073
1226	96.5961	36.036
1745	426.242	159.013
1187	41.7469	45.0815
1549	160.287	59.7963
236	0.785459	0.890647
3100	7.42661	8.42116
1908	1.77826	7.07747
1653	3.01489	1.98745
2478	22.9138	15.1051
1243	23.001	20.0844
2346	41.2381	36.0091
3139	1.34975	5.62407
3400	1.08076	1.18216
260	81.6022	89.8978
1599	22.1471	69.678
102	27.4536	140.811
667	4.4704	22.9289
948	33.456	64.1051
2091	257.375	166.516
75	164.631	106.512
79	17.4864	11.3133
2331	61.3066	106.324
2504	6.12876	28.8043
2651	180.501	239.013
2961	66.05	87.4613
253	287.302	107.18
3071	246.562	91.982
585	16.199	17.4929
2052	86.7009	93.6262
1547	120.848	45.0833
237	6.24534	7.08171
694	2.35436	2.66965
2797	4.4742	5.07338
2828	3.52995	14.0492
3298	1.51264	6.0203
2420	19.2029	12.6588
3296	17.3673	11.4488
2477	2.41084	4.24477
2124	32.9212	28.7468
2405	3.35539	2.92992
1254	36.002	39.6619
2888	4.27546	4.7101
1598	2.20462	20.4071
101	0.667351	9.36066
1578	1.02614	5.2631
3257	3.55422	18.2297
938	22.9708	14.8616
3119	184.452	119.336
2419	11.9956	7.76088
2756	16.8794	10.9206
80	174.531	241.345
1112	12.5921	21.8384
1914	19.7982	34.3361
2960	48.378	64.0606
3070	1.54798	1.71662
584	16.9288	48.0295
2051	0.661203	2.09538
961	9.25389	3.45224
2265	2.09108	0.780095
234	6.24075	7.07651
693	13.0668	14.8167
2796	0.154425	0.567765
2827	1.24059	8.23505
810	11.0053	7.25483
2482	11.2968	7.44701
3295	4.51591	8.48623
54	5.97892	5.22078
495	19.7207	17.2201
2404	6.68518	17.2712
1255	54.5041	60.045
2892	7.69683	21.4392
100	0.120339	4.44807
3256	8.82134	82.6978
939	35.9163	67.9219
167	113.493	73.4275
3027	27.7446	17.9501
447	228.1	147.575
2142	14.6597	9.4845
2757	11.2198	20.8123
78	19.9937	54.6577
1111	5.78439	28.4721
1913	7.86796	38.7498
1637	67.2899	89.1031
2882	60.7318	80.4191
3069	0.967644	3.14991
148	7.64986	2.85384
765	44.4627	16.5872
2266	0.425251	0.245187
235	10.6978	12.1304
385	22.9701	26.0462
972	10.5692	11.9847
2795	0.300675	1.75402
809	18.4471	28.5851
2483	6.91899	4.56109
270	1.97836	1.7275
696	6.44922	5.63145
2287	12.5046	10.919
2368	2.90997	2.54098
1253	82.8244	91.2444
2889	5.30356	36.2965
1186	0.773329	7.24977
1356	0.487786	4.57287
937	1.86918	10.8241
166	290.751	188.109
3026	187.602	121.374
473	12.4168	8.03336
2184	197.018	127.466
2141	8.05868	14.6691
2755	6.79354	37.5206
1981	10.4436	28.5501
3200	38.9375	106.445
375	358.125	133.602
2046	187.082	69.7925
764	28.3773	29.6834
2267	0.113866	0.0864866
233	12.1185	13.7414
1562	22.9731	26.0496
1639	9.13583	10.3593
971	4.79417	11.0065
2481	22.8587	15.0687
269	3.75164	10.2567
695	10.0466	25.3308
271	15.5772	13.602
840	19.2008	16.7661
2367	10.8663	26.3323
119	52.7074	58.0656
2134	7.62801	8.40348
2890	11.4079	78.0733
1185	4.35683	58.4824
1357	0.0695281	1.66633
3346	335.439	217.021
3425	200.609	129.789
472	7.49945	4.85197
1051	10.7334	6.94425
1898	133.518	86.3833
1980	2.6284	22.8068
616	1.88554	5.15458
767	41.4382	113.281
1034	34.7325	12.9573
3250	166.34	62.0547
2045	3.55475	2.57529
763	1.05363	3.01647
2264	1.15389	1.36134
232	15.4643	17.5353
1638	1.05654	3.38343
564	0.266649	0.612175
2289	4.16005	9.55068
506	45.6916	30.1205
2325	2.62764	1.73218
1061	52.8144	46.1174
3507	21.4462	18.7268
839	2.38208	6.08095
98	68.9568	75.9669
3505	33.6396	37.0594
2133	13.6935	46.2182
2891	1.01773	15.9336
835	0.392367	5.2668
3299	3.75156	50.3578
1355	0.199907	2.06948
3345	14.9728	30.2708
3424	3.97484	7.62302
471	23.6302	53.3537
1052	107.736	69.703
1880	14.875	9.62378
3048	546.234	353.401
615	16.9462	108.023
766	3.91751	26.0284
1033	42.445	15.8345
3249	36.1753	13.4955
493	21.5713	15.6276
1844	34.4159	24.9331
762	0.0674777	0.53129
1321	4.80687	5.4506
2146	3.86001	4.37693
932	0.519328	1.66308
2414	1.7494	5.60223
563	14.1086	32.3906
2288	3.15371	10.5062
2324	3.01145	4.59997
1969	11.948	10.433
2126	2.01547	1.75991
1493	5.99312	5.23318
3343	3.5572	3.10614
838	0.156455	0.855753
19	34.9395	38.4914
2603	17.2007	18.9493
3504	2.22231	6.58858
2132	3.17135	29.5517
2887	0.420373	5.67557
834	0.0877448	2.65899
2659	0.0609409	0.630873
2990	0.62796	6.50078
3344	1.57966	9.05029
1053	52.4793	33.9529
1879	4.71996	3.0537
2873	197.281	127.636
3542	13.642	8.82607
1399	9.69881	64.44
1413	0.172395	1.14541
1035	0.04615	0.04615
1570	886.338	330.656
1595	103.518	38.6183
494	39.2049	38.3297
1843	21.883	37.4171
1322	2.40333	7.87512
2149	60.5754	68.6875
2413	0.106691	0.865321
1425	0.567572	1.30304
2439	0.680616	1.56257
851	0.0886851	0.295442
1650	0.0946249	0.31523
1857	3.6546	5.58238
1992	11.3016	17.2631
583	1.46875	1.28251
2824	78.4713	68.521
2127	5.77588	12.9233
1494	3.1219	5.38696
3342	2.93517	8.12307
837	0.134491	0.78274
18	179.613	197.872
2602	4.26581	15.0318
2886	0.479678	8.01461
833	0.172515	5.6997
1050	138.925	89.881
1878	345.176	223.321
350	92.977	60.1539
2845	73.6823	47.6707
3541	1.58254	2.09395
1400	1.43476	19.8336
1414	0.481678	4.40813
1036	2.30313	1.01527
627	37.2531	13.8976
3459	67.9125	25.3353
492	48.3654	47.2858
291	38.1567	65.2431
739	12.5761	21.5035
1320	0.129121	1.13454
2147	6.59461	19.0952
1423	0.592068	2.92925
850	0.140309	1.02161
1651	0.129585	0.58759
1856	3.25586	7.50868
1993	0.171239	0.676637
582	4.68564	8.78719
3392	65.6507	57.3261
3396	1.46495	1.27919
2125	3.82549	18.6842
1492	6.19625	10.6919
1390	0.606959	3.53251
2547	0.687127	3.99909
17	19.2863	36.415
1643	5.79818	20.4316
2718	6.84357	24.1153
832	0.0247736	0.934857
1466	52.5197	33.979
3083	302.638	195.8
845	21.7858	14.0949
2269	73.8783	47.7975
463	79.0085	51.1166
3165	102.196	66.1186
2844	76.8741	87.0309
3540	48.5056	166.241
1398	0.18825	3.97523
1412	3.33961	11.1419
1032	8.32234	7.29099
626	56.0842	56.3455
250	174.179	64.979
2030	234.847	87.6116
1986	12.9123	12.6241
2942	11.7062	11.4449
290	5.92399	28.594
738	3.88423	20.0516
2148	1.55801	4.51132
1424	0.25544	1.47759
1652	0.364116	0.918435
986	4.39827	10.1433
2816	3.74618	8.63946
1994	0.0296009	0.132905
600	4.12387	7.73367
619	13.1835	24.7236
624	3.39726	2.96648
1691	38.138	33.3021
3395	25.8336	45.7343
455	18.8091	32.4559
3155	4.45291	7.68368
1389	0.052782	0.461205
889	6.30443	11.9036
1604	3.79317	7.162
1642	1.48934	13.5049
2717	1.96732	17.6983
1467	73.6772	155.99
3082	282.948	183.061
464	1276.07	825.587
629	37.9648	24.5623
1383	11.7325	7.59067
2843	0.876519	2.12932
2286	11.9849	41.0753
3415	7.55056	25.8778
138	0.0875565	0.292114
150	6.88895	22.9836
862	3.27367	2.86797
2866	4.21827	3.69552
677	42.2683	15.7685
3162	224.713	83.831
1985	47.7943	46.7274
2943	5.24221	13.448
2145	0.582592	3.36082
1422	0.106472	0.839107
1649	0.721704	1.46267
2817	0.0530603	0.203349
1995	0.341825	1.53476
597	0.405083	1.89193
32	25.1598	47.1833
2437	15.3267	28.7428
625	3.92424	8.99455
1333	6.26858	5.47372
2088	5.72089	4.99547
720	13.6915	24.2386
1728	21.8819	38.7384
1851	1.43249	2.47181
2728	6.14909	10.6105
1388	0.121964	0.932256
1132	4.89116	9.23515
1300	63.6994	120.273
1603	19.0748	36.0157
1465	2.76277	16.0771
465	12.7048	24.02
2048	20.0879	12.9964
3064	21.4285	13.8638
1382	5.07709	3.28476
2842	1.10507	5.7575
137	3.44163	10.9451
149	0.0599884	0.55071
1027	8.96398	7.85311
2620	6.13316	5.3731
2865	0.389959	0.965369
1041	23.0341	8.59305
3203	25.4911	9.50966
831	1.47098	1.43815
2205	23.8683	23.3355
2941	2.71606	17.7006
2144	1.38528	1.02466
49	0.072461	0.146856
249	0.122717	0.248709
2818	0.755376	2.29959
1991	0.0777489	0.456183
598	0.0779339	0.712196
815	7.91505	14.8434
2215	6.30403	11.8222
623	0.396339	2.5867
2385	37.0951	32.3913
3114	15.8822	13.8683
654	23.5013	20.5213
3289	3.65618	3.19257
1168	6.38816	11.3092
3506	7.95029	14.0747
819	5.91801	10.4769
1658	14.6372	25.9129
1854	0.93568	3.40909
1119	7.06602	12.1927
1411	9.49398	16.3823
1299	46.839	159.202
805	37.1157	70.0792
2076	50.4193	95.1981
462	6.79403	37.9674
2047	428.982	277.541
3065	24.8135	34.5337
1381	5.46934	3.53853
2841	17.9392	14.5079
327	9.3781	8.2159
3014	7.01654	6.147
1040	2.27015	2.38853
3202	270.168	100.788
330	58.4686	57.1634
2916	1.83491	1.79395
2204	25.3063	46.1413
2143	2.05884	2.41946
248	0.326106	1.02196
2815	0.105242	0.203046
1990	0.174234	0.174234
599	0.0695821	0.588693
816	3.62849	14.8736
2214	0.945758	4.83121
1163	38.3336	33.4728
2768	24.2583	21.1823
3290	5.0151	8.0841
374	5.67837	10.0527
2509	16.6831	29.5348
1853	0.296879	1.20202
1118	2.51635	9.94606
2180	89.147	303.004
3532	1.48732	5.05529
1361	8.94124	16.8822
1788	68.8488	129.996
1732	22.8322	43.1101
1922	1.88296	3.55527
2665	305.89	197.904
2714	12.5075	8.09208
3063	61.0255	181.165
1392	72.7777	47.0855
3110	21.6476	14.0055
674	8.09798	6.54903
2153	1.15005	0.930074
326	1.07294	1.84093
3013	0.474821	1.14494
1039	2.94757	8.01775
1734	290.486	108.368
3460	228.953	85.4128
331	26.3515	25.7632
2917	0.0637399	0.202588
2203	4.09906	11.6139
875	0.990556	1.9111
2987	0.25541	0.492767
596	0.750677	4.57321
814	1.2207	8.86004
1698	39.5611	34.5447
1840	58.3393	50.9418
3291	6.27624	15.3393
699	3.8805	6.86981
2759	16.0427	28.401
1852	2.34474	6.03868
946	0.776333	2.6387
1948	17.3413	58.9418
3531	10.0354	67.89
1360	10.9883	62.5166
1731	24.2687	81.7191
1921	3.94287	20.5472
2664	428.627	277.312
2715	3.95993	2.56198
3062	7.35241	37.5905
163	66.6689	43.1332
3112	382.056	247.181
3109	33.6373	58.4521
673	5.82727	4.71265
2154	11.4858	18.2414
818	4.086	7.01067
1802	3.09052	5.30265
1038	2.66619	11.2356
1733	103.147	38.4798
329	0.944428	0.923346
2918	3.61155	10.7679
2472	11.1193	31.5045
3226	38.1757	108.164
876	0.0104144	0.024482
2986	1.33373	3.46873
1096	40.7692	35.5996
1933	44.5246	38.8788
1839	1.22179	1.77216
3292	2.40595	7.22832
899	13.5641	24.013
3327	17.3108	30.646
2758	3.38489	3.38489
1850	0.363769	1.41797
945	1.99542	17.2828
1947	3.51524	11.948
3533	0.891346	13.9637
1790	6.84822	23.0597
2706	0.689706	2.32242
2663	65.2456	42.2124
2716	212.083	137.213
760	37.5474	191.968
812	28.1826	144.088
162	93.2336	174.615
156	55.415	35.8522
754	142.633	92.2801
3108	0.799018	3.8624
672	4.29801	3.4759
2152	2.31653	8.63561
921	4.85841	20.4738
2068	1.56015	6.5746
416	118.829	44.3301
1346	31.3061	11.679
3078	76.3513	74.6469
3212	53.6919	52.4933
2915	0.629847	2.29728
2826	13.9523	39.5314
2837	1.56425	4.43202
614	19.0244	53.9024
3365	9.87646	27.9832
874	3.33408	4.19323
1932	2.43125	6.29466
1838	1.57269	1.57269
3293	0.114488	0.335427
898	4.55788	20.856
3326	0.977362	4.97311
1110	0.0854872	0.0854872
1724	0.402682	0.402682
878	0.501809	4.34627
2799	7.17694	62.161
449	2.72783	9.27168
2433	28.939	98.3615
3534	2.03582	48.0702
1791	34.0061	114.507
2707	2.5138	17.8692
2479	344.133	222.646
2767	271.841	175.875
2709	10.5974	6.85625
2653	14.8216	75.7779
2847	65.6182	335.485
811	2.15055	30.2279
155	44.1849	68.8395
753	7.00278	4.53064
1617	21.9175	17.7252
2395	4.9655	4.01572
2049	5.52769	23.2942
2334	4.68225	19.7314
725	98.6278	36.7939
1896	302.785	112.957
3302	164.249	61.2744
3371	50.7779	18.9431
333	5.40105	5.28048
1396	3.52485	3.44617
3211	48.5283	110.776
1408	1.35951	3.85193
1647	0.530386	1.50275
2838	0.331088	2.61142
1608	6.65102	8.3649
1749	1.51998	1.91165
1931	0.0854747	0.620569
348	0.182783	0.182783
3187	0.914894	0.914894
3294	0.743374	1.8552
817	0.3562	0.3562
3157	0.0168325	0.0168325
2798	3.87109	68.1798
450	0.99121	9.92614
668	21.0147	71.4273
859	49.3639	167.784
3530	0.309356	4.03711
1789	8.70259	49.4216
2705	1.84172	13.0918
1114	193.648	125.285
1591	10.6333	6.8795
1150	141.875	91.7895
2647	15.4086	9.96901
2710	5.26784	5.97182
2652	0.368035	6.01668
157	0.351704	1.63129
3167	467.904	302.723
3354	661.976	428.283
1616	17.8276	14.4176
2396	19.5392	15.8018
457	216.505	80.7691
1605	376.834	140.581
1469	164.368	61.3188
3164	37.6096	14.0306
3301	36.5124	38.7183
3370	50.4665	55.1019
332	113.109	110.585
1395	97.7583	216.884
1407	2.88378	15.4482
1645	8.69641	40.1869
2836	1.27495	11.7286
700	2.42229	3.04649
943	0.284999	0.35844
347	13.0287	3.41978
3288	5.97563	12.5396
451	0.164474	3.24991
785	18.2928	62.1759
3380	79.548	270.378
1860	0.20152	2.62985
3115	0.851044	11.1062
556	3.01701	17.1334
1385	4.03003	22.8864
1954	7.52002	53.4556
2010	12.7978	90.9727
421	432.531	279.838
1877	18.1877	11.767
1590	2.6259	4.53965
1149	1183.91	765.965
2646	32.2349	64.7556
2711	1.75736	3.00478
154	1.98853	24.1017
3166	24.2944	51.8351
3353	11.1994	25.1931
193	19.7431	15.9667
1780	0.654619	0.529406
2397	5.55181	8.85642
2458	282.387	105.347
2650	28.4958	10.6306
3163	16.2571	17.6731
334	115.38	112.805
1684	8.08388	7.90343
1031	8.95067	47.9481
2252	4.44418	23.8072
1646	3.97459	18.3669
940	44.7702	11.7513
2079	1.39429	0.365974
173	8.85305	18.5778
1359	5.29814	11.1179
452	2.17768	27.7147
929	19.8882	67.5985
1833	0.503816	1.71243
1859	1.05386	8.36137
555	11.23	63.7749
1384	2.01416	31.1646
1953	4.47932	44.1702
420	537.161	347.531
1876	16.3197	10.5585
1589	20.3308	99.5552
676	427.661	276.686
3485	19.9678	12.9187
1133	47.6545	95.7313
1764	25.8135	51.8558
2712	4.55171	10.2358
192	30.8028	24.9109
1779	17.4345	14.0997
2394	7.04097	11.232
2649	183.876	68.5965
1441	19.8159	21.5419
3284	44.3749	48.2399
358	5.05933	4.94639
2746	68.4536	66.9255
1644	1.17043	5.40867
1208	21.9031	5.74914
1339	5.22065	1.37032
2078	4.68977	3.62682
172	3.14335	5.56837
448	0.611009	0.611009
928	1.50902	12.487
1832	7.40461	58.6018
1737	10.0254	56.9337
2140	0.40923	2.324
1867	1.75676	17.3233
3272	2.08696	20.5793
467	8.58795	5.55621
617	266.692	172.544
1875	47.8847	30.9803
3484	24.2887	15.7142
335	23.9476	48.1075
1138	54.2449	108.971
2713	3.2811	8.70499
1924	28.1756	22.7863
3427	26.8276	21.6961
2123	0.386938	0.312926
2899	19.212	15.5372
847	0.289824	0.462337
1926	18.0461	28.7877
747	194.706	72.6366
2578	32.9895	12.307
1442	1.24391	4.05842
359	185.559	181.416
412	49.0909	47.995
2198	2.23404	2.18417
2626	3.15813	14.594
3417	2.303	10.6424
2922	7.51327	1.97209
3328	1.98006	0.519726
2471	0.681748	1.2077
2940	4.89799	8.67669
189	8.17855	67.6765
1635	5.09357	42.1487
2450	2.62941	20.8097
2812	9.38093	74.2428
77	7.06931	40.1463
1206	0.861408	4.8919
2139	3.26375	36.5468
1866	0.209209	5.23874
3271	3.88667	34.287
466	55.8049	103.337
2274	66.4859	43.0148
3033	18.4894	11.9622
1874	221.595	143.367
1140	56.3264	36.4418
3381	335.572	217.107
2708	8.3126	25.0632
1923	3.56589	7.88627
218	17.7577	14.3611
1003	47.6489	38.5348
2122	2.99224	6.8955
2393	0.748946	0.60569
2442	2.14602	1.73554
848	7.54768	12.0403
1925	2.47703	9.32775
379	60.4356	22.546
1675	173.841	64.8527
36	122.619	45.7441
1970	508.419	189.67
1439	1.48313	9.45886
357	2.76909	8.81883
175	88.419	86.4453
3091	193.744	189.419
2197	88.182	86.2136
222	3.19672	14.7723
1581	0.786837	3.63605
3416	1.21192	12.8274
2921	4.33122	1.57533
191	9.74469	2.55779
1291	13.1123	3.44172
2470	1.82938	4.8759
2939	3.91895	8.13665
470	0.152398	1.26108
3046	0.661167	5.47108
186	1.16517	9.22143
2789	0.563188	4.4572
2811	0.0839537	1.91534
1349	15.1069	85.7914
2034	0.954764	5.42206
1205	7.97091	101.15
1607	5.02296	56.246
2947	0.49669	5.56183
1868	0.00193911	0.000440866
1257	2.63739	23.2663
3325	0.499986	4.41072
169	14.8039	9.57776
2459	164.462	106.403
3032	34.8255	76.5645
872	5.73574	3.71089
2217	69.119	44.7184
1139	291.238	188.424
1280	447.561	289.561
3471	362.143	234.298
1331	53.5769	161.539
1726	19.0804	57.529
1902	24.7654	20.0283
3136	17.82	14.4115
2392	7.02606	14.5638
2441	1.25788	1.01728
849	3.49045	9.99608
378	61.4682	67.0951
434	25.4373	9.4896
1697	20.8231	7.76823
35	36.1656	36.3348
1440	0.109769	1.1351
552	64.3331	62.897
2260	48.7734	47.6846
423	180.69	176.657
1190	54.7592	53.5368
223	0.306808	3.40857
1582	1.65051	11.5198
1640	15.5354	5.65044
2195	9.06964	3.29876
190	0.22715	0.117898
1354	3.81893	10.1787
1952	1.1498	3.06461
240	0.304788	0.632811
3218	3.78379	7.85602
469	0.706498	12.8586
3047	0.0359306	0.0125558
1348	0.876753	14.9209
2033	0.620828	3.52565
1204	0.132899	4.49638
1606	0.127565	3.72975
1869	0.0951012	0.0506262
170	68.0633	122.704
1363	15.8456	10.2517
3359	294.17	190.321
3031	0.360733	2.12289
873	114.465	221.787
2216	504.671	326.511
910	16.1684	10.4606
1716	330.931	214.105
1281	11.9608	22.5912
688	873.733	565.285
1517	91.038	58.8994
1725	25.032	75.4739
2440	1.44857	1.07201
846	1.48051	4.66059
433	67.4609	77.0532
1696	51.3513	19.157
1438	0.689467	1.71806
602	12.3567	12.0809
1183	177.094	173.141
2261	33.4355	32.6892
422	18.4401	50.5307
1765	57.5735	56.2883
3465	47.1896	46.1362
224	0.10378	1.13703
1580	2.07857	14.5074
1325	21.2658	7.7347
1337	2.54268	0.924811
2194	0.225486	0.225186
915	15.5195	8.05512
1242	3.81152	1.9783
1951	2.92864	8.7197
239	0.476803	2.66089
1523	3.63285	7.54263
1720	1.86324	3.86851
3045	0.538878	0.540492
1176	5.35204	30.394
1743	18.0301	102.392
1863	0.161287	0.134046
168	65.054	117.279
1362	70.9278	133.218
3358	30.5482	19.764
871	3.09959	14.6691
1076	143.926	93.1168
1621	27.2014	17.5987
909	62.7555	116.635
1715	33.4762	52.1497
1279	2.90412	17.4316
2388	624.58	404.089
3357	98.953	64.0203
1062	65.9749	42.6842
2067	151.055	97.7289
2066	65.1986	196.58
3447	1.42686	4.30211
1483	6.08161	4.5007
2064	5.28987	3.91477
432	9.51204	10.8646
1201	21.5315	8.0325
1239	159.79	59.6112
603	78.3506	152.772
1182	83.0698	81.2155
2262	33.6949	32.9428
861	47.4558	46.3964
2157	42.844	41.8877
3466	3.21381	9.79065
225	3.14547	10.7071
690	0.997555	6.96246
2878	3.44008	24.0101
1593	1.85305	0.67398
2365	7.06304	2.56893
1336	9.08655	9.28333
914	1.5751	1.37591
1241	1.07115	1.56097
1455	1.86113	5.54131
3264	2.18089	6.49334
440	3.60556	7.48598
2790	6.65272	13.8126
1817	2.06286	2.06904
3412	0.738764	0.740977
2772	17.2576	98.0052
2938	14.6766	83.3476
1742	0.695416	10.4971
1864	0.0350051	0.0421952
377	147.8	95.6233
3244	13.2034	8.5423
398	12.411	58.7362
2169	10.2367	48.4459
2466	195.2	126.29
3208	11.3608	7.35014
1622	161.729	250.622
1468	24.881	38.7599
2391	64.5188	100.508
2387	0.71026	0.459522
3356	344.403	222.821
3503	173.743	112.408
743	202.937	131.295
1221	970.327	627.779
1773	3.03017	9.13624
2810	3.85927	11.6361
3446	0.207	1.25281
1484	1.52702	2.38408
38	2.83527	2.09824
2231	1.97981	1.46516
959	36.7756	42.0047
2070	26.2082	29.9348
1200	103.602	104.08
1887	5.94137	2.21648
3099	264.553	98.6937
601	6.83225	33.9285
1618	85.718	83.8046
2457	130.4	127.489
2259	20.8012	58.8442
860	3.51052	11.3894
2156	5.44384	16.98
3464	1.89827	13.0835
221	0.701603	2.08039
691	0.658125	8.45846
2879	2.51783	28.0797
1594	8.84946	4.09458
251	3.69099	3.22422
2342	2.72635	2.38157
644	2.22679	6.63001
2696	4.50251	13.4057
1717	4.05816	8.42568
2541	5.76746	11.9746
292	1.28674	1.29059
3239	3.17608	3.18559
513	12.5592	71.3233
960	16.8618	95.7574
1865	0.0193986	0.0191269
1665	144.53	93.5075
3248	13.2244	8.55589
3245	8.8316	15.2973
1885	216.417	140.017
2786	227.16	146.967
3209	8.34788	18.1503
1623	2.94385	13.3899
3074	50.6202	78.8567
3216	12.1302	18.8965
2386	1.2301	0.950447
121	296.357	191.736
3057	188.272	121.808
3502	26.6867	50.4165
310	7.16118	4.63312
2645	93.1245	60.2494
1220	158.275	102.4
1772	12.2074	36.8064
2809	51.4042	154.988
3445	9.21344	128.816
1482	0.419609	1.19971
37	3.19628	4.88345
2232	1.97553	2.88127
2071	17.0459	19.4697
1888	25.8124	30.2118
1181	158.881	59.2719
1487	9.37421	3.49713
161	107.768	105.362
395	36.2628	35.4533
692	0.254372	2.79775
2877	1.7408	12.4903
1592	10.8222	6.59556
2343	3.36022	4.16722
1695	5.08842	10.5647
2029	2.72471	5.65713
512	1.77897	29.0309
1862	0.227053	0.293349
1664	7.14386	4.62191
3247	60.6729	107.796
3243	5.40483	22.2115
657	19.6146	12.6902
1463	181.085	117.158
3210	10.9358	47.4447
1620	4.00365	43.9459
3073	1.4069	5.49884
3215	45.1732	185.79
1786	2.46408	1.90389
3041	2.76789	2.13863
120	98.8539	127.07
2058	108.871	70.437
2902	84.0665	54.3891
1678	151.11	97.7646
2330	76.5356	49.5168
2644	148.47	245.763
2155	29.0041	18.765
3330	91.2898	59.0623
726	37.9695	114.482
3539	25.818	77.8437
1068	34.3963	103.708
1588	3.11815	9.40152
2230	0.379437	0.733613
2069	2.86174	8.21952
1886	0.909321	2.32398
2344	97.6693	36.4364
2776	369.653	137.902
1486	60.6497	60.4263
1782	9.37985	9.17047
3019	19.3117	18.8806
689	0.169572	1.84249
1574	1.16616	0.710711
1579	11.2009	6.82633
2341	0.408096	0.7132
66	2.64696	5.49571
550	4.53794	9.4218
520	723.615	468.162
3496	22.5577	14.5943
400	31.5283	56.0154
2362	22.7538	40.426
3242	0.148148	1.60643
658	482.902	312.427
1170	13.9722	9.03969
1429	155.289	100.469
3207	1.47156	12.1897
976	21.9113	85.6401
2202	32.1221	125.549
1785	1.02754	1.65651
3040	1.87635	2.71648
1006	51.8219	66.6137
2725	46.026	59.1635
2057	14.2944	18.5884
2903	15.016	33.6025
2329	138.853	221.295
2643	74.1073	122.67
1610	162.364	105.046
1884	300.469	194.396
3329	57.8973	108.928
2229	2.82132	8.50655
3130	45.8788	138.329
3538	8.29129	69.3098
524	0.575747	1.73593
1402	94.1483	283.866
1587	20.9118	157.236
1498	9.93308	28.5299
2558	2.9889	8.58474
2616	12.9871	33.1917
3269	12.0996	30.9234
1070	18.8349	7.02653
1682	290.13	108.236
2428	53.8191	53.6209
3111	47.8124	47.6363
1781	9.76293	27.2861
1277	11.3933	11.139
3067	47.989	46.9178
1575	0.292371	0.486713
1935	1.04074	0.634271
3113	15.9162	9.70003
1137	7.49634	13.1008
1757	0.152697	0.266856
549	3.35845	9.68495
243	46.8045	30.2814
2801	34.0466	22.0274
3495	38.8189	71.5822
399	2.33681	12.899
2363	4.27158	23.8595
3246	0.010741	0.17226
656	3.16482	6.82088
1171	96.1988	151.317
1428	12.0186	7.77572
977	0.768805	7.9055
2201	2.13671	23.763
1007	4.23729	4.19052
2724	14.5538	39.1657
1057	49.2559	64.0523
2171	26.7716	34.8138
2901	0.313081	2.26658
2095	27.916	44.4907
3219	103.341	164.697
1609	1.29175	1.22897
1883	61.5228	106.732
2228	2.74972	25.1946
3537	1.04346	0.89347
523	13.497	109.478
1401	16.524	49.8215
2557	0.0845989	0.610783
201	7.03599	17.9821
665	6.1856	15.8088
1069	54.8352	53.7125
548	312.242	116.485
1073	121.171	45.204
1308	61.1277	60.9026
2641	64.9586	64.7193
1278	14.6793	39.1653
3066	26.1604	53.9892
1576	0.10292	0.431951
1936	0.531947	0.809824
1235	1.81564	1.10653
3253	9.9928	6.09006
733	10.4233	18.2161
892	4.74683	8.29569
1758	0.536677	0.395651
2849	3.12731	9.01841
3076	3.92286	11.3126
242	11.31	6.19765
2800	59.4225	98.7539
778	77.4553	142.828
1761	45.9064	84.6516
2364	0.257489	4.0356
3241	3.07915	39.4853
1172	27.7883	104.06
1427	0.496793	0.29286
975	0.455236	11.4971
1005	0.0271089	0.0738751
231	31.7934	85.5593
2984	7.83225	21.0774
366	75.1843	97.7695
1030	18.6869	24.3004
2172	6.9765	29.282
2096	0.247559	0.219543
1021	1.83486	1.74568
3536	1.43591	1.36612
1672	0.868231	0.74343
2190	3.65075	3.12599
417	29.5114	88.9795
1436	0.831919	2.50831
2556	0.545664	7.52082
200	3.14668	18.0202
664	0.0222119	0.154435
2293	39.1256	38.3246
2476	7.18395	7.03686
1528	200.27	74.7125
2438	67.0074	24.9977
1072	55.2452	36.686
1351	44.7158	44.5511
1813	69.5328	69.2767
2640	2.2802	6.44882
1276	6.62071	34.0724
3056	7.84221	16.1846
3310	12.3116	25.4085
1577	0.0127331	0.0730539
1934	3.52679	9.96432
1234	4.78127	7.34453
99	6.51605	3.97118
1338	10.9307	6.66164
226	3.34017	5.83736
2570	1.32107	2.30874
1759	0.416417	0.557443
2874	0.837436	2.41496
3225	3.10136	8.94357
3075	1.16395	7.12959
55	18.4093	10.0879
558	7.66326	4.19931
1489	81.8324	135.997
2390	71.3472	118.571
777	9.17593	49.9083
2560	13.5303	24.95
3487	19.5047	35.9667
2361	0.00839089	0.360135
1173	13.6156	108.871
1109	0.914844	0.539303
2032	0.214337	0.126352
1018	12.1918	32.8094
3231	28.597	76.9573
1461	19.7983	25.7457
2681	91.5815	119.093
1029	10.4557	13.5966
2173	3.35334	14.0748
2094	0.0380825	0.0660992
1020	0.0161581	0.0404716
3535	0.162184	0.35963
735	14.1183	12.0889
836	5.31697	4.5527
2191	0.0675683	0.101576
1224	38.6296	116.472
2820	1.75379	5.28785
1435	38.5215	278.976
2292	3.31945	8.17562
2475	7.37761	20.8928
1227	55.2794	36.7087
1554	13.6554	9.06799
1350	12.5049	35.9085
1812	0.341174	0.998268
2639	0.029864	0.235453
3055	8.27021	31.5686
1573	0.323578	1.04193
142	2.12533	3.26472
1458	5.56706	8.55158
893	11.6361	7.09157
1067	16.9369	10.3221
2569	0.589085	2.48857
1756	1.95705	0.863699
1679	3.75572	10.8306
2804	4.21538	12.1561
384	0.641955	0.351778
529	14.5638	7.98064
557	6.65865	9.90505
1488	20.9624	88.2249
2389	5.7829	29.3918
2559	3.12432	17.1795
3486	2.1553	12.2526
1169	2.14722	32.7155
2031	0.316724	0.303836
90	12.871	34.6371
2222	64.2072	172.788
104	81.7069	106.251
1353	41.1281	53.4829
2682	0.311388	1.26309
799	20.8679	27.1366
1612	22.7049	29.5254
2170	0.0231712	0.284485
2275	1.05412	0.902601
2487	2.39582	2.05144
2193	2.47912	5.79567
3037	36.9443	111.39
3233	4.83791	14.5867
2821	4.95238	32.3337
62	21.5019	52.9579
182	1.23357	3.0382
1464	87.2045	57.9088
1516	1.63645	1.0867
159	93.6739	62.2049
3146	4.18532	2.77929
1811	0.772163	6.30935
87	8.88102	33.9001
2591	2.9299	11.1839
1459	0.0415596	0.172404
25	8.96214	5.46193
1510	5.15835	3.14373
1719	0.22868	0.100923
2042	2.39795	1.05828
383	0.288826	0.414923
1270	16.1653	8.85824
2429	51.5243	28.2343
867	5.67668	23.8915
1763	7.39985	31.1438
2634	1.08998	1.04562
2935	0.116051	0.111329
1144	28.5472	76.8233
3528	31.8601	85.7388
217	11.5498	31.0816
1330	6.15284	16.5579
103	10.8513	38.0705
1352	9.89849	37.7965
2680	1.14069	12.7372
798	16.8411	61.4895
1611	14.0525	59.1557
2486	0.14343	0.336392
2192	0.150071	0.695672
117	1.30888	3.94639
3315	18.1721	54.7906
3234	5.64107	47.5844
2819	21.5961	141
1796	7.91383	19.4913
2077	6.2755	15.4562
181	1.4287	9.84192
920	86.1358	57.1991
1147	42.0839	27.9461
571	5.06238	3.36171
2928	143.095	95.023
3145	91.4359	114.933
2499	11.9802	45.7303
3488	12.9669	49.4965
2590	0.663346	6.07848
1457	0.0237617	0.253241
24	8.03628	12.8291
1509	5.84265	4.38872
1718	0.569902	0.71732
2041	4.18696	4.16172
382	3.02447	7.39756
1078	6.03067	3.30469
2311	48.0009	26.3035
2633	2.31383	1.35567
2934	1.13584	1.56579
1143	2.88599	23.3606
3529	4.28515	31.2533
1794	41.1132	110.64
3433	1.84598	4.9677
1329	5.4431	35.8973
508	0.887671	3.11429
1958	30.3292	106.407
540	11.9406	45.5941
675	27.442	104.785
2189	0.459227	0.118156
118	41.9577	126.506
918	50.3798	151.9
1810	33.9346	102.316
3232	2.62355	42.2321
1100	22.4924	146.851
3121	11.5918	75.6818
1795	7.21312	41.272
572	34.3595	39.3483
2927	2.95402	3.56581
3144	5.0346	17.7408
1704	4.87505	18.6087
3428	0.363791	1.38864
2592	0.410965	5.34504
1102	24.958	18.7473
2416	0.812478	0.610295
2083	4.22148	4.19604
2196	3.89399	3.87052
1077	3.76271	3.25685
1939	10.9303	5.98957
2523	4.26302	2.33605
2241	1.53343	0.898436
2436	5.50624	3.22611
171	0.60781	0.83788
2181	0.183375	0.252787
1142	1.02053	10.8029
3527	2.19154	27.1626
1793	26.7446	176.001
3434	4.48348	33.2676
1210	7.53218	49.6748
3553	10.7566	70.9402
507	33.1738	116.387
897	19.1727	67.2653
1404	22.0393	77.3224
220	0.119026	0.0306247
2830	0.547854	0.14096
116	12.71	38.3218
697	21.4512	64.6772
1252	42.6346	128.547
1809	0.239441	1.68376
2299	3.53871	23.104
3204	4.96349	32.4062
3120	0.319946	6.13193
570	51.9875	86.5566
44	13.9235	16.8071
1960	0.199983	0.2414
1683	7.50134	28.6336
3072	4.91039	18.7436
2593	0.229101	2.30053
1101	1.19191	2.5372
2417	3.445	2.8841
2084	1.30053	2.80802
2912	2.9569	2.93908
3387	2.20959	2.19628
2166	0.966895	0.836904
3283	45.1842	39.1096
1938	0.281676	0.317342
2521	5.39614	7.25061
2242	2.42705	3.18356
106	6.15538	3.60645
1444	5.03767	2.95158
1158	1.3492	16.7225
2933	2.29919	28.497
1792	1.47282	23.4598
3435	0.30143	3.16835
1209	1.01033	18.0105
219	1.1008	1.1008
2829	1.99141	0.890842
895	40.5886	122.378
1655	83.0874	250.516
2635	35.1115	105.864
3028	40.9168	123.368
755	40.2681	121.412
1692	25.0245	75.4512
1808	4.55535	63.0569
2298	0.258846	4.78149
1522	16.437	27.3668
2018	24.5324	40.8451
45	17.8845	39.904
1959	37.8984	84.5392
2589	0.870791	6.19809
2418	0.553174	0.497266
2082	0.465271	1.63454
2245	5.86509	5.82974
3521	3.29567	3.27581
2165	0.00547124	0.0130951
479	63.6469	55.0901
519	35.2318	30.4952
1937	0.226509	0.213032
2522	0.860599	2.06416
2240	1.22052	1.99412
107	3.34114	3.2365
1445	1.56624	1.70298
3436	3.68168	38.6251
319	0.526449	0.235502
1303	0.0210914	0.00943505
894	7.10736	21.4294
1656	0.401152	3.34517
2549	36.0164	108.593
3127	42.6095	128.472
1807	5.12387	109.856
2613	83.0196	138.223
2773	5.3684	8.93812
46	0.81145	3.03468
1462	17.3495	38.7011
3350	0.406873	0.907604
2415	3.81611	3.61325
1818	2.02987	2.01764
2545	7.14243	7.09939
2167	7.38868	7.35098
478	1.42272	3.2385
1146	46.7004	40.422
1597	37.2362	32.2301
3260	1.51524	1.42508
3276	0.0628552	0.0591154
2520	0.767957	1.84999
105	0.625946	0.886773
1446	0.074108	0.0864963
3432	0.556656	5.83996
320	0.0340191	0.0415649
1302	4.26037	3.00017
72	22.8246	68.8184
2398	23.6258	71.2339
1657	0.555854	11.2463
2548	1.06961	3.22498
3126	4.92113	33.686
1806	0.0101263	0.658431
580	37.8601	63.0351
857	18.4837	30.7745
47	1.48378	6.38827
2503	2.87853	6.42107
3414	4.54609	10.1409
1460	13.4265	29.9502
2748	6.31113	14.0781
96	21.3243	20.1907
1815	1.63535	1.54842
151	4.79557	4.76666
3475	3.10541	3.08669
2168	5.21548	5.18887
477	0.453373	2.39561
1145	5.4405	4.70907
1596	6.39685	15.1324
3259	0.180386	0.169654
3279	0.0633369	0.124322
2527	0.481137	0.681623
3362	3.61675	5.12382
1443	1.49213	1.88794
321	0.0177209	0.0375528
115	1.10741	0.779841
655	0.26746	0.188346
71	34.2266	103.196
566	15.7789	47.5747
2323	36.0875	108.807
1654	0.528355	20.0142
230	7.48674	22.5732
1391	23.2294	70.0388
3125	1.3275	18.7752
1805	3.79174	3.68395
579	19.4778	83.656
74	35.3349	58.8308
352	5.41518	9.01599
48	1.41503	5.39051
2502	1.39929	8.63428
3413	0.54274	3.27084
998	11.4124	25.4574
1741	8.5986	19.1807
21	14.1891	31.6514
2783	18.2692	40.7527
497	1.67738	1.58822
684	6.04798	5.72648
1814	1.06086	1.58468
2164	0.0328601	0.0971709
199	59.6233	51.6075
1893	1.87076	1.61925
3258	1.26977	0.555688
3278	0.0257284	0.082849
2526	1.20796	1.5707
3361	0.0381257	0.154618
1267	3.29603	4.17036
2515	2.36191	2.98844
323	0.00333364	0.00744138
114	0.165229	0.319682
2863	1.39562	0.982803
3500	0.0544412	0.0383377
822	2.06025	6.21186
2307	1.43377	4.32294
2322	0.291516	2.22689
229	7.78276	65.3581
568	1.82264	25.7781
2480	6.11246	86.4501
2498	2.03593	1.97805
2766	0.318976	0.309908
578	0.03404	0.410242
73	12.5208	27.3678
353	3.79985	15.5411
43	10.7026	30.1328
518	2.50882	5.59637
2637	2.16384	4.82685
1740	1.49262	9.4872
2784	1.45062	9.31957
498	4.67798	5.37484
683	0.941321	1.76829
901	0.22798	0.34055
3039	9.39165	14.029
1892	17.1182	14.8168
430	7.02827	3.07577
729	7.3368	3.21079
3277	0.496971	0.377841
42	3.29618	4.28598
140	3.09912	4.02975
322	0.0428261	0.0857681
2862	0.58865	0.459295
3499	0.182646	0.330271
821	0.84894	5.14843
2306	22.2623	159.782
216	10.9846	83.9116
802	9.16926	70.0439
567	0.818792	25.2795
525	1.99517	1.93845
2846	2.00901	1.9519
279	3.13162	3.0426
1916	3.33991	3.24497
124	0.90476	1.97761
2720	16.9903	37.1371
354	0.3465	2.53152
1820	0.793563	2.23425
2176	0.670969	1.88909
517	0.693017	3.686
2638	5.11533	30.6906
2782	0.301446	5.21837
499	7.87358	10.1992
682	0.684708	0.684708
900	1.27602	4.08426
2019	4.24609	6.3427
2617	11.3566	16.9642
410	32.1532	27.8305
3490	10.6613	9.22801
247	13.2659	5.80554
438	34.7995	15.2292
728	8.03732	11.3578
3275	0.332565	0.451695
139	0.367541	1.03653
318	0.537798	0.471098
2864	0.222036	0.173244
1107	15.5621	94.3767
2896	1.08691	6.5916
1800	2.17943	15.6423
1855	0.602025	4.32089
936	1.66491	1.61758
1963	4.25886	4.1378
278	0.318317	0.706301
1915	0.142727	0.370855
123	20.7271	78.0012
2719	26.3097	77.8291
355	7.99351	55.7413
1819	2.38794	6.47617
2175	1.38621	9.29668
613	9.64623	51.3061
678	4.51509	24.0148
2636	0.235911	3.90566
496	1.52303	2.55682
20	1.39004	1.39004
2224	0.827516	0.827516
3092	4.99075	7.45505
3426	7.51464	11.2252
2779	59.8185	51.7764
2950	25.1114	21.7354
246	22.8439	26.5753
174	48.8639	21.3842
2255	9.96264	4.35993
317	0.102253	0.168952
2861	0.127627	0.123222
92	19.122	115.966
3525	14.1985	86.1071
2897	1.20919	14.6911
844	5.7832	41.5075
1905	3.06719	22.014
277	0.00543723	0.0302404
69	1.5874	5.97378
1157	25.847	97.2687
2178	0.787327	2.32906
2851	11.0893	32.8043
351	2.98654	28.0172
1066	5.69008	15.4317
1556	6.47454	17.5592
2174	0.706961	7.90558
858	1.23668	6.57764
2988	5.90458	31.4051
1671	3.86905	6.49523
2074	3.56572	5.98601
1680	1.55252	1.55252
2721	3.88329	3.88329
2225	4.09496	0.538726
3262	4.01842	6.0026
3333	7.43953	11.113
2780	4.57385	11.0384
2949	1.30768	1.94986
1771	29.1501	12.7569
2107	11.532	5.04673
2254	0.515809	0.708066
287	7.04458	6.80143
963	0.446592	0.431178
91	2.04382	34.564
3524	1.06139	18.0351
2898	0.291117	0.086738
843	1.11764	18.8002
1214	4.29217	16.1525
1496	15.9447	60.0038
2179	19.115	116.275
2850	12.7298	49.9671
1065	1.48505	3.87608
1555	0.0624086	0.0624086
1456	8.46688	14.2139
3300	3.69857	6.20904
737	1.0674	1.0674
2683	1.18595	1.18595
2226	0.778269	0.164036
3263	0.215713	0.922271
3334	0.787952	1.7304
2778	0.257504	1.60664
227	18.5627	27.6785
2679	21.4275	31.9501
742	7.41336	3.2443
1946	171.56	75.0793
2106	45.5387	38.6301
1495	2.69408	2.6011
2099	1.90963	1.84372
962	1.91774	4.09229
2895	7.29786	5.21199
1213	0.393309	4.38619
640	24.0112	90.3601
1532	14.5581	54.7859
2177	3.22731	41.1224
560	4.81256	18.8904
2285	0.180519	0.708575
1064	9.0079	21.0913
2536	17.0333	28.595
3355	12.0386	20.21
2227	0.229114	0.0873435
3261	0.0168497	0.0168497
3332	0.468176	1.11596
2283	7.09818	10.584
3015	19.2075	28.64
1345	34.0333	50.7463
1965	4.25786	6.34882
741	9.70529	10.1664
2668	11.6439	5.09572
2937	4.39028	1.92131
891	4.2302	3.58844
2751	1.57522	1.33625
2253	5.32446	5.14068
2959	1.77142	1.71028
1269	3.95737	3.82078
3520	6.4064	6.18528
2469	8.21618	5.86784
2739	4.89556	3.49632
641	0.453722	3.31942
1531	1.29033	13.5831
561	12.3133	73.3826
2284	9.21028	53.6354
1063	1.01388	2.39842
53	9.13588	15.337
70	8.45023	14.186
2223	13.5903	10.2507
1000	0.419425	0.999755
1025	2.26919	5.4089
1378	8.80461	13.1284
2808	11.1675	16.6517
1344	2.0443	8.30482
1373	37.6222	56.0978
3479	39.095	58.2938
740	6.25474	13.8896
2667	11.2081	4.90499
2936	3.93663	2.47262
1245	1.09381	0.927869
3394	10.571	8.96724
828	0.643779	0.621558
1259	0.375324	0.362369
2958	0.558535	1.38861
1268	0.101388	0.280779
2468	5.14742	7.2785
502	4.52222	3.22968
1122	4.47442	3.19555
639	1.3881	11.3308
559	1.9466	16.1918
2423	5.10012	29.7002
3376	5.02003	29.2338
484	7.81321	18.4828
3494	0.399669	0.945449
1397	13.2322	22.2137
2945	18.6723	31.3464
164	9.98521	16.7628
3077	4.54694	7.63325
1023	11.2174	8.46091
1736	20.6796	15.5979
999	5.17885	12.7848
1024	0.212609	0.14116
1377	0.430621	2.02676
2807	1.90541	7.74934
866	2.80377	6.22622
2410	2.16954	4.81781
904	4.50651	1.97218
2969	10.0494	4.39792
1519	17.0497	10.709
3050	11.5539	7.25706
1244	6.12497	7.53068
3393	3.99492	9.30982
827	0.350802	0.757995
1258	0.167006	0.411058
2467	0.0777083	0.283684
503	4.72221	6.55531
1123	5.64905	7.25542
605	1.39356	11.3754
1387	4.44808	36.3089
1837	2.41904	20.1215
3148	0.0995375	0.827953
638	6.76697	39.4069
965	27.8692	162.294
3375	3.73521	47.5716
1222	8.35183	19.7569
3230	5.16397	12.2158
3493	0.583683	1.89003
2355	7.87377	13.2182
3322	7.00251	11.7556
1022	0.156685	0.204864
1900	4.1555	3.13436
2278	16.2567	12.2619
1685	1.96734	4.85668
1870	3.56253	8.79467
2453	0.407404	0.270493
2666	0.528382	0.350815
865	0.628629	3.30184
2409	0.961874	4.71586
903	2.18332	2.65836
1225	46.0259	20.1422
3379	3.45213	1.51075
1520	2.88285	5.28522
3049	7.33383	5.92059
312	7.63087	9.38221
589	7.93231	9.75283
826	0.0205364	0.0628473
501	1.77826	4.1187
1121	0.271094	0.763372
604	2.04939	20.1734
1386	0.00353214	0.049907
1130	0.464963	3.86757
3390	3.61265	30.0501
3149	3.43476	39.9246
964	4.96041	60.3605
165	14.3038	33.8369
3196	15.8239	37.4327
864	6.7272	21.7834
1105	0.406139	1.31513
2026	2.74314	3.58662
2655	21.8195	28.5287
468	3.2853	2.478
1904	10.534	7.94544
671	2.97867	7.35332
2305	3.95411	9.76134
2452	2.30404	2.91637
1480	0.528838	0.351118
3143	0.608044	0.403706
905	2.69378	7.79387
268	61.6506	26.9801
1722	23.2159	10.1599
3378	2.73755	3.29068
1518	1.10597	4.42424
427	13.4015	10.819
2302	11.5641	9.33566
311	0.26507	0.630019
590	7.78781	13.2258
1601	0.268098	0.820455
2372	0.293759	0.898985
1106	1.02152	10.0555
2628	0.908951	8.94736
666	0.471844	6.66688
2926	0.822815	11.6259
1131	0.0457977	0.681424
3391	0.106083	0.012058
3147	0.909707	10.6502
456	19.5558	46.2609
3122	0.15603	0.369102
3195	4.70952	25.4745
1787	5.02478	16.2708
2455	7.16597	23.2042
1104	5.12101	28.0624
2028	5.60711	12.5028
2654	0.658692	2.20231
1903	0.867836	1.53831
2304	0.110804	0.731425
3142	0.282146	0.437799
902	0.161595	1.13575
541	59.3839	25.9881
2063	39.2975	17.1977
1723	9.75239	10.8447
896	21.4453	17.3128
2740	1.34911	1.08914
870	17.1718	40.8141
2115	3.15211	7.49195
588	6.04393	11.9024
2371	0.0298717	0.191366
2627	0.361158	6.03721
2925	0.0409095	0.0409095
1129	0.254596	4.31945
3389	4.33856	1.0346
547	0.729804	8.54399
3088	3.04563	35.656
214	2.25281	5.32921
1151	0.465695	1.10164
1437	22.7585	53.837
3186	9.84973	23.3003
3012	0.783139	2.5359
3320	4.02048	13.0188
554	0.816853	4.47623
2301	0.533063	2.9211
2027	0.610273	2.12527
381	0.979794	1.73677
1798	2.50236	4.43563
1026	11.9166	5.21506
1293	65.1506	28.5117
1721	3.26043	6.78403
1419	2.65301	2.14177
2992	16.6978	13.4801
587	1.52393	3.1349
1629	1.00843	17.109
2036	0.564375	9.57513
1372	0.950724	0.226715
2860	1.79402	0.427813
543	1.08951	15.6238
3087	0.456243	10.376
213	1.5059	1.5059
2336	3.47935	8.23067
3221	2.12511	5.02711
3011	0.40332	3.52069
3319	0.627123	2.96368
553	0.1324	0.1324
2300	0.764388	7.73357
2025	0.668428	2.79411
380	0.0796907	0.380848
1799	0.0924262	0.408055
367	22.4491	9.82434
2427	55.7184	24.3839
1292	1.90631	2.48648
365	0.179399	0.37328
807	3.40011	7.07469
1418	21.9667	21.5734
2907	14.0741	11.362
2911	40.3058	32.5389
622	3.27044	6.72768
2081	2.23874	4.60534
1625	1.48016	31.0374
2035	0.0512476	2.16206
1371	1.03806	0.425986
2859	0.151659	0.0522886
544	1.00047	13.0476
2337	1.80725	9.628
3318	0.114047	0.426438
1797	0.0287512	0.272144
143	97.3796	42.6161
1415	23.8778	10.4496
364	3.89304	14.0636
806	0.0597307	0.244551
1894	30.2229	29.6817
2412	18.1697	17.8444
2906	4.24643	9.76928
2909	0.233197	0.431757
2080	1.14889	2.60392
1626	0.0697658	0.0276066
126	1.16754	0.479123
2963	0.575194	0.236041
2858	6.99111	3.67568
545	0.0146023	0.257274
2335	2.18883	16.5097
255	7.39454	27.6493
3270	2.98391	11.1573
1584	3.76679	1.64845
2295	0.530998	0.23238
405	11.1154	4.86442
1286	54.1309	23.6892
93	0.898472	3.67855
1776	1.30477	5.34202
3268	15.4482	15.1716
3314	25.9889	25.5236
2411	1.40732	1.6833
2910	0.350676	1.81606
1755	1.90053	4.30751
2075	3.47723	7.88104
1627	0.16084	0.110345
127	1.62876	1.55675
2964	1.6781	0.93805
2857	0.0560804	0.0315906
546	0.310336	3.67838
389	0.931593	3.48337
3324	4.03254	15.0783
1585	13.5444	16.2382
2294	8.28842	10.8446
404	3.86016	1.68932
3313	1.70741	4.68226
2788	0.682894	0.816809
2948	1.05578	1.26282
2908	4.97588	4.97588
1754	2.54667	11.3939
3018	1.29288	2.93027
3117	4.26511	9.66676
1628	0.0649817	0.0588239
125	0.864413	1.50978
2962	1.21587	0.899438
2856	1.08844	0.880564
542	0.00261218	0.0792184
3323	0.206256	1.90933
1583	2.9215	8.61071
403	89.8169	48.4398
2787	7.24014	22.0538
1485	15.4752	18.5099
3156	19.2097	22.9768
1693	4.31343	4.31343
2263	2.07315	2.07315
3017	3.15012	13.6976
1010	4.44246	10.0687
3369	4.82663	10.9394
1631	0.292317	0.391129
3255	1.94996	1.44249
3316	2.67995	1.98249
341	1.67447	1.35467
3025	1.66021	1.34313
808	139.23	75.0893
2492	160.726	86.6821
842	8.35411	9.99235
2905	24.6151	29.4421
431	1.12035	1.12035
2449	2.86261	2.86261
515	3.7399	8.47638
1421	3.99297	9.04996
1630	5.39E-06	5.39E-06
3254	1.0817	1.21035
829	4.11556	3.32954
1572	12.9951	10.5133
3024	1.35294	2.15622
1619	55.2073	29.7743
2924	148.884	80.2957
647	96.7335	52.1701
2577	88.0691	47.4972
841	11.692	17.4863
2904	8.73962	25.5342
514	0.955162	5.11047
1420	4.38449	18.399
1624	0.15656	0.15656
147	3.58647	4.01302
1988	2.08629	2.33441
925	2.59655	2.10064
1530	1.64153	1.32802
108	2.29039	3.65028
2698	0.960416	1.53065
325	21.9759	11.852
3398	48.433	26.1208
1804	66.8085	36.031
3523	84.0554	45.3326
2576	11.8394	18.9129
362	0.725546	1.08511
646	5.89111	8.81064
2297	4.74988	5.31479
2454	3.41196	3.81775
1989	0.193875	0.298246
924	1.13732	1.60826
1529	1.84041	3.50033
761	1.36461	2.17483
2534	2.07948	3.31415
373	48.6618	26.2441
1306	128.26	69.173
3397	2.81325	2.81325
1901	139.934	75.4691
2769	187.138	100.927
361	2.4319	8.67934
686	19.5392	29.2225
1347	13.2053	19.7497
581	0.866921	0.970026
1602	0.725818	0.812141
1987	0.974376	1.51628
1491	0.833057	1.17801
1744	1.57398	2.22574
372	14.7457	20.3493
1305	2.52849	3.08451
1294	0.448005	0.448005
1738	0.492968	0.492968
2621	62.0193	33.4481
3411	62.332	33.6168
1272	109.799	59.2165
2601	9.5229	5.13587
363	0.0472162	0.271894
13	30.6896	45.8989
1406	0.904839	1.35326
1849	1.11839	1.74039
2511	1.56452	2.43464
1490	0.224178	0.466133
371	4.67496	15.7944
727	7.1227	8.68899
2448	97.7734	119.274
982	62.8561	33.8994
2989	85.2378	45.9703
3410	65.4024	99.1336
1271	13.7405	20.2998
360	4.13448	18.1992
2474	6.36637	9.52143
3372	4.66107	6.97101
1405	14.1017	40.2928
1848	0.852842	2.13527
2510	0.146617	0.520567
1177	0.926593	1.92666
3470	1.42712	2.9674
370	1.81445	14.309
2065	36.3016	44.2843
3267	15.0666	18.3798
280	51.5193	27.7853
1304	13.3053	7.17579
877	50.4147	27.1895
1586	135.296	72.9675
211	19.1966	28.3606
1861	18.3072	27.0466
429	16.9801	25.3951
2093	10.6682	15.9552
336	11.3101	32.3161
3171	12.1447	34.7009
3469	0.256963	0.987816
369	0.0877869	1.61703
927	22.2441	27.1356
1231	6.81587	8.31469
1037	2.34375	2.85914
1174	45.8381	55.9179
1335	169.243	91.276
3172	211.39	114.006
1735	68.1218	36.7393
2378	96.7932	52.2023
2913	20.1058	29.7038
2968	9.44116	13.9481
428	4.84195	18.5416
1845	12.5936	18.8347
3522	2.45513	3.67184
368	4.57529	2.29848
1232	6.0317	19.6656
856	47.0055	57.3421
2519	34.5982	42.2064
1167	23.6279	12.7429
2697	110.937	59.8301
1426	18.6212	10.0428
2562	78.6816	42.4344
2967	0.222809	0.222809
2113	11.1159	16.6247
3352	6.09674	9.11818
630	3.98717	5.96313
709	4.49886	6.72842
1120	5.41286	2.71925
1706	2.221	1.11576
1233	1.2531	10.3452
855	0.442852	1.497
2518	15.8731	53.1398
185	230.771	124.459
2688	107.229	57.8303
1770	119.791	64.6053
2004	260.445	140.463
337	128.617	69.3653
3229	12.506	6.74472
2114	3.14501	0.6086
3351	1.39007	5.52462
306	2.41402	3.61037
3080	2.80175	4.19025
1212	4.27456	2.1474
1431	3.36615	1.69105
1705	0.619895	0.468044
1230	0.22342	4.28834
854	0.348621	0.348621
2517	0.321915	2.94985
258	127.083	68.5383
1979	95.8474	51.6922
406	63.312	34.1453
869	73.3517	39.5599
1927	239.128	128.966
3102	232.836	125.572
481	5.87838	3.17031
3452	13.2579	7.15023
328	143.006	77.1257
2605	86.4518	46.625
2112	16.6884	6.042
305	1.04026	2.77389
3081	1.67072	4.92412
1211	0.427713	0.489972
1432	1.0261	1.36016
2303	0.742266	0.560438
2737	1.94913	1.47166
393	171.078	92.2653
3491	151.571	81.7448
1218	67.9019	36.6207
2130	64.4953	34.7835
1001	305.962	165.011
2584	54.014	29.1307
480	5.31725	7.17123
3451	1.75398	2.63643
2604	1.95726	1.95726
1237	11.424	4.13605
1984	25.289	9.15585
307	2.92534	10.7506
3079	1.645	6.22785
637	0.328704	0.376551
2805	0.133504	0.152937
1430	0.0803727	0.255561
1128	0.0884912	0.0668142
2073	0.0725403	0.0547706
2736	1.66266	1.79097
2516	67.5321	36.4213
3463	59.7239	32.2102
2583	9.78156	15.4753
551	6.39699	8.62746
3060	24.3108	32.7873
3450	0.123368	0.451796
1236	9.16911	9.60234
1983	1.3834	0.89856
304	6.08827	25.6215
2660	3.9503	14.9555
3042	12.9955	49.2
2273	1.12186	1.28516
2747	2.02649	2.32147
1127	0.211074	0.344985
2072	2.44065	3.47992
2735	0.577376	0.651619
388	57.5156	31.0192
1285	28.3442	15.2865
267	25.6393	13.8277
2730	20.4288	11.0176
2582	0.459767	2.06557
3059	1.30853	4.25146
2017	12.8474	47.0494
2402	2.46839	9.03968
146	9.79011	6.35899
3311	54.1742	35.1879
2435	0.25295	1.0645
2501	1.49949	6.31036
2272	0.45446	1.01502
1126	0.628471	1.65199
3185	1.41291	2.01455
3468	0.273229	0.389575
2734	1.07834	1.53448
136	106.41	57.3885
749	55.8141	30.1015
1284	37.0266	56.381
41	195.74	105.566
1537	13.3407	7.19487
2731	0.709783	1.01072
2581	0.307747	2.71613
3058	0.0919637	0.565232
2401	0.404415	3.9217
145	5.6516	5.31509
1175	10.1717	6.60684
3184	23.1833	15.0583
2434	1.69347	12.4536
2500	2.92624	13.6928
2271	0.17473	0.632585
3467	0.683144	1.77813
2131	1.7061	2.42779
2727	0.577417	0.82167
2218	7.04168	10.0204
135	42.8652	23.1179
750	3.36435	4.93044
724	79.3733	42.8074
1248	10.5442	5.68667
1536	10.3376	14.9445
2732	1.4039	4.74052
2580	0.47768	4.50856
917	2.52727	15.5332
984	3.553	21.8376
2400	0.385197	0.263816
2585	13.9083	13.0801
3367	1.23279	1.15939
1312	8.39425	5.45233
2239	15.4472	10.0334
3124	3.31866	15.5291
3474	3.38517	15.8403
2726	0.126123	0.126123
153	116.568	62.867
2793	12.6768	6.83684
748	10.7049	41.5664
967	8.73381	4.7103
1895	93.3922	50.368
1247	64.3863	81.3501
2729	4.44555	25.1793
2579	0.216047	2.34133
916	0.217745	2.86068
40	0.349445	2.14778
131	0.48692	2.99273
2403	0.437736	0.537636
3449	0.453537	0.426532
3473	19.7658	18.5889
3366	10.6718	23.6692
2806	27.5564	17.8987
3223	39.8415	25.8783
76	23.094	15.0003
2965	21.7812	14.1476
632	174.838	94.293
2770	217.052	117.06
2792	5.81384	5.81384
966	16.4787	24.7127
994	8.04628	4.3395
2823	26.8245	14.4669
1246	8.20748	22.3768
1266	5.14467	29.139
3544	3.1379	17.7729
414	0.396402	5.20783
2348	0.025123	0.330059
39	0.405899	5.73123
130	0.033827	0.582204
2399	0.0110647	0.0325458
3448	9.77457	15.0493
3472	9.44189	18.0083
3222	0.145589	0.145589
633	81.578	43.9965
1282	222.99	120.262
1753	382.537	206.309
996	78.7116	74.9876
2822	108.2	87.1821
1261	6.68035	18.2133
2952	2.52088	6.87291
415	0.191452	0.191452
2347	0.56761	0.565772
16	1.60751	2.47499
2489	10.0789	15.5179
295	13.8025	26.3252
461	10.4692	19.9677
634	61.7922	33.3256
995	34.4826	53.4081
2248	18.6217	15.0044
2546	130.733	105.338
1262	1.7889	10.5101
2953	3.92061	23.5497
413	0.43956	0.383636
1009	0.968563	0.965426
2533	0.726104	0.723753
15	21.61	58.4717
1195	14.8842	22.9164
2277	38.6346	59.4832
294	0.120115	0.120115
631	14.139	7.6254
993	7.20238	17.2157
2247	5.38624	11.9159
595	11.0408	8.89612
3305	150.442	121.218
1263	1.59427	13.1297
2954	0.0830902	0.729212
687	0.467467	0.407993
3098	0.393865	0.343755
1008	0.00969562	0.0279247
2473	1.68823	1.68276
3201	1.67954	1.67411
1882	52.2707	28.1905
2674	7.29919	3.93658
316	11.2981	27.0057
1873	17.5749	42.009
2246	8.03179	42.6912
594	126.484	134.593
1260	4.97029	38.216
2955	2.34086	13.9521
3097	0.247339	0.412846
3297	64.443	34.7553
3453	99.3313	53.5711
2673	21.3155	26.2165
315	7.12476	17.0302
1311	0.413779	0.989048
1872	0.741966	4.83436
1907	62.7472	66.7697
2160	3.07572	3.2729
2956	0.877179	3.56569
1108	98.6062	53.1801
2944	101.641	54.8167
65	21.2851	26.1791
1541	3.36722	4.14144
314	23.7526	80.2568
1310	10.0738	45.6983
2753	0.610963	3.9808
2985	0.430927	2.80775
2383	3.79844	4.04195
3374	12.4241	13.2206
2159	40.6178	75.2312
2951	6.52641	17.8847
263	27.333	14.7412
970	175.297	94.5405
1768	63.2184	34.0948
2380	119.869	64.6475
64	18.586	54.0801
1540	27.8515	80.9205
1505	2.72506	9.20758
2722	2.46014	8.31245
1309	1.63966	19.0236
2382	8.0172	24.1519
3373	21.4225	30.8456
2161	16.2125	48.3882
264	3.1231	4.66339
969	58.1896	33.2107
241	19.0313	10.2639
1403	92.0723	49.6562
288	8.22635	23.9364
3161	16.1223	46.9115
1539	0.537537	2.63798
1507	3.64392	23.6118
820	13.4259	45.3641
3456	4.98019	16.8273
2381	0.0279077	0.0279077
1315	3.18846	4.59096
1334	23.2505	33.4777
2158	15.0461	62.863
265	11.2267	42.6881
730	69.3657	39.5892
3377	189.155	107.957
562	169.395	91.3575
3501	102.169	55.1014
1203	2.66386	7.75111
2966	1.96971	5.73131
530	1.14169	5.60285
2379	9.64525	47.3344
1506	0.448515	3.78317
1290	5.36318	18.1214
3444	4.099	13.8499
3455	1.76801	10.5674
1316	5.27642	20.0818
974	28.0748	40.4241
3483	47.6622	68.6274
713	2.46113	10.2826
1116	6.32339	26.4192
262	0.70036	6.62568
439	131.619	75.1192
1767	214.478	122.409
1075	94.3683	50.8945
3214	72.4032	39.0483
1202	0.993235	8.0251
2894	3.13075	15.3642
3321	1.88541	9.2527
1504	1.18081	6.77906
1289	0.512944	3.22075
3443	1.5403	12.4853
1223	5.48417	32.7788
1842	8.88054	53.0789
1317	0.133685	1.26238
1751	15.7675	22.7031
2974	20.643	29.7232
3482	7.39465	19.2331
2777	7.97384	33.3148
3360	19.8432	82.9051
1117	0.365409	3.94809
205	147.395	84.1228
2425	1.8721	1.06846
679	17.8011	10.1597
2752	31.8972	18.2047
2885	1.85456	10.6471
2982	2.01239	11.5532
1288	0.129217	0.939053
338	1.68621	13.6681
1004	1.86352	15.1053
1841	0.0958203	0.931678
1318	0.280276	4.14139
1752	1.50238	5.8835
2973	5.16773	10.3088
2044	19.0376	49.5159
2447	6.12888	15.9409
776	1.74392	7.28612
1084	2.67507	11.1765
1727	25.1983	105.279
2384	8.08751	33.7897
1115	0.951074	17.4959
14	272.667	155.62
2540	1.74407	0.995396
732	10.0047	5.71001
1964	6.86628	3.91881
1434	104.485	59.6332
2931	127.188	72.5902
1546	73.241	41.801
1747	11.0067	6.28188
702	3.32629	19.0964
2619	6.07448	34.8738
681	0.825732	4.74057
2456	0.746784	4.28732
437	2.34434	17.0369
3044	3.89918	28.3364
882	0.910095	8.84902
1538	1.85794	18.065
1314	0.104351	1.15383
1750	1.09399	11.1844
500	9.9927	19.9338
2352	4.10397	8.18676
2043	19.8035	79.4617
569	18.3357	47.6903
1641	4.50104	11.707
775	17.9247	126.854
1083	1.02094	8.18388
1545	17.8245	10.173
2733	130.399	74.4229
2539	5.96161	5.86543
731	0.741703	0.741703
346	8.80876	5.02744
1307	217.949	124.39
2059	80.4497	45.9152
2675	76.5007	43.6614
344	154.496	88.176
1194	224.804	128.303
703	0.0775352	1.0126
2618	0.465712	5.9246
1663	0.179326	1.30321
3152	1.69674	12.3307
3043	0.567082	6.26817
881	0.351771	3.81417
1313	2.63507	15.9599
2016	13.5799	27.0897
3094	98.8346	197.159
2351	6.66912	31.673
179	13.9111	55.8185
1669	0.399142	1.60156
349	1.16973	9.3766
3287	0.402252	3.22447
1544	121.447	115.859
252	94.1234	53.7192
2328	96.6441	55.1579
797	16.1135	15.8536
1978	79.7868	78.4996
2426	0.678456	0.678456
2923	0.561301	0.561301
30	98.1383	56.0107
2971	157.014	89.613
701	0.246196	3.84969
1662	0.285215	2.72534
3151	0.851074	12.8892
68	0.134883	1.49091
2037	1.4853	16.4176
880	1.28186	10.7575
1417	42.4424	84.6659
2575	8.07985	16.118
3095	8.83857	31.7475
2350	1.10039	9.40354
178	0.765767	7.07493
1668	3.50149	20.8523
1019	0.174974	1.4026
1094	0.324933	2.60468
3286	0.146062	3.10173
483	131.771	125.708
1828	73.1996	69.8313
2327	11.1856	9.09169
609	77.8355	76.5798
2762	20.5249	20.1938
345	11.7777	6.7219
1920	363.456	207.436
1481	27.2032	15.5257
3423	98.0496	55.96
1661	1.20562	8.0944
67	0.327972	5.79957
879	0.306094	1.98143
1416	35.6586	101.905
2574	2.51314	12.0174
3096	9.22038	60.5248
2349	0.143699	1.21395
177	6.63453	40.1673
1670	4.27713	28.7801
1095	0.590028	1.76238
1500	218.844	208.774
2121	230.005	219.422
1967	66.7948	54.2912
2318	28.4844	23.1522
2900	78.7757	77.5049
3010	1.45292	1.42948
194	50.9045	29.0528
1342	46.8886	26.7608
685	94.8272	54.1209
979	76.1604	43.4672
63	1.92054	12.8943
180	2.47806	16.6375
1298	0.0422445	0.273461
1553	0.257276	1.66542
2326	4.51736	12.9097
3217	31.021	88.6517
2572	0.952909	8.38658
3093	6.18577	2.3285
1535	7.5047	63.3986
1557	1.35921	11.4824
176	0.0221823	0.363277
1667	0.635464	4.2609
1093	3.06837	8.1966
2163	150.818	143.878
2875	25.6602	24.4795
1499	20.1485	19.2213
3548	69.7212	66.513
1982	14.3856	11.6927
2648	17.0129	13.8282
2316	9.04485	15.9416
1367	61.9961	60.996
1368	70.3862	69.2507
2781	21.1717	12.0833
3388	136.864	78.1127
1297	0.044342	0.540529
1551	1.17841	4.78847
2	32.3421	92.4272
565	38.0917	108.858
648	27.8513	79.5933
888	5.70059	16.2911
2573	0.874158	9.04808
800	1.45195	0.546556
2980	1.14942	0.432674
574	0.313937	2.105
2686	2.83893	19.0356
309	2.07622	5.54623
643	0.494088	1.31987
1162	153.352	146.296
1370	171.346	163.462
1526	38.1107	36.3571
3419	114.098	108.848
3549	0.904797	2.14149
1906	32.1533	26.1344
3213	43.4359	35.305
2317	0.0793963	0.29532
141	74.97	42.7877
912	41.5264	23.7005
1296	0.0210624	0.232401
1552	1.72661	4.5845
1219	4.12898	11.7998
1748	9.57756	27.3707
887	39.466	206.296
2571	8.00989	69.287
2738	4.19687	1.57982
2981	3.99719	1.50465
299	0.609018	0.229252
3189	1.80564	0.679693
573	6.65439	45.4933
2685	2.86921	25.3601
308	15.1543	42.5944
642	6.72438	24.6195
1369	1.48071	1.48071
1525	2.53261	5.86974
3418	20.2176	53.4809
3550	2.93134	16.8415
1341	12.6371	10.2715
1977	48.8652	39.7179
2313	1.64176	9.81991
296	139.911	79.8518
830	28.9528	16.5243
1295	0.933503	4.98548
1550	3.48088	7.96227
1216	21.2283	60.6661
3462	28.8305	82.3917
1011	4.4787	23.411
1918	22.4316	117.254
298	5.14124	3.82594
3190	6.49923	3.83439
2430	3.70722	25.3447
3251	4.54589	31.0784
2684	8.30437	66.7486
1930	6.81765	19.1625
3273	5.04656	14.1844
1524	19.3788	89.3271
3551	1.04037	1.01947
1340	54.4045	73.9308
1976	58.9545	79.157
2314	0.251602	1.48824
1358	67.3231	38.4234
3009	14.6613	8.36765
1899	3.23313	7.39556
2461	5.36484	12.2717
1217	1.6127	8.71937
3461	5.68056	42.8091
301	5.08165	6.33582
3191	3.43585	2.77892
1543	1.26736	8.66445
1940	4.20488	28.7471
1433	8.23017	37.9373
2345	0.354587	1.63448
3547	0.0149662	0.0358631
768	7.06243	9.5972
1180	13.6088	18.4931
56	61.9842	83.225
2497	44.6124	59.9002
2315	3.40519	15.6694
129	17.5484	10.0154
931	29.3063	16.726
2446	41.1851	23.5057
3030	41.6793	23.7877
387	2.05257	4.6951
1801	0.561686	1.28482
1215	3.53997	23.9127
302	2.99957	6.3291
3192	13.3279	14.6294
1542	0.749776	10.9142
3552	1.14924	1.09425
1917	38.6993	52.5888
2893	46.6623	63.4099
2208	37.7056	50.6266
3105	10.8711	14.5965
2494	14.3404	40.3206
2312	6.93078	29.365
128	12.2296	20.6975
930	6.22688	9.80248
2444	0.00355727	0.00355727
516	2.80521	6.41672
3306	3.21725	7.35923
2308	5.35582	36.1788
2876	7.39893	49.9801
300	0.0156421	0.0731195
3188	0.557838	0.79735
3546	0.0467453	0.10173
636	39.8205	54.1125
1196	71.843	97.6282
2276	34.801	46.7266
2485	29.6303	39.784
3104	17.7547	10.2332
2495	15.422	76.7418
1534	4.74089	20.0867
2872	11.1253	47.1367
3183	7.40477	11.6567
3457	19.6827	30.9849
2445	0.078249	0.16708
245	1.47604	9.97068
2625	1.30544	8.81833
303	0.899936	0.275368
1714	0.193613	0.276742
2598	1.13959	1.62887
3545	0.200465	0.200465
635	2.31029	5.19107
1283	85.0694	114.221
1703	17.6325	23.6749
2484	67.4172	207.73
3103	2.15718	2.20756
2496	1.34097	10.413
1533	0.653104	6.10182
411	6.48789	10.2134
863	23.4224	36.8721
2443	2.23417	9.18621
244	0.404977	7.08425
3123	10.784	72.8465
3252	7.57089	51.1417
297	1.39617	0.867426
1713	4.94802	10.6153
2599	0.312397	0.633836
1301	42.707	95.9598
3442	21.4839	48.2729
1702	18.9869	46.8914
526	17.4608	17.8686
2291	5.56171	5.69161
2493	12.3432	94.0691
1135	11.1726	45.938
2525	38.3917	31.3941
1836	37.2914	30.4944
2210	1.48139	0.920374
2422	1.51871	0.943564
2600	0.709389	1.39854
1648	26.9639	60.5861
3274	8.8696	19.9294
313	5.89989	13.2566
2460	65.3128	146.753
942	20.6703	51.049
2976	23.782	58.7338
2290	1.79913	3.31088
1134	2.87868	21.4229
1835	11.4739	27.1135
1265	59.751	48.8603
2771	33.1955	27.145
2211	0.546978	0.68453
2421	2.26558	2.68738
2596	0.890612	1.35413
343	14.5939	32.7915
1957	41.0523	92.2417
266	67.8453	152.444
926	38.0103	85.4065
941	0.84462	3.36102
2975	5.18441	33.2976
2606	3.58325	6.59415
2794	2.86908	5.27988
680	0.907306	6.75207
1858	3.41954	25.4479
1264	4.801	11.353
947	18.6376	15.2406
2957	21.6241	17.6827
2212	0.355307	0.612782
2244	4.13442	4.90416
2542	2.85188	3.38284
2597	0.0922072	0.120476
342	3.58614	22.0119
796	7.69645	17.2934
3458	25.0247	56.2288
113	29.025	65.2171
944	38.8655	87.3281
89	7.29204	29.0174
2424	7.97614	31.7397
528	1.83634	13.6658
3556	2.46777	18.3649
1	40.6616	33.2503
951	42.0754	34.4064
719	99.149	81.0773
2930	53.2702	43.5607
2209	0.0985488	0.270488
2595	0.694808	0.95243
1393	79.6947	179.069
2657	35.6742	80.1576
88	8.63968	51.5195
418	10.7542	42.7946
1113	21.1262	84.0681
527	0.541755	9.31351
0	15.7008	34.8916
950	13.056	29.6457
718	6.93006	16.4593
1287	74.8125	61.1765
3341	57.9783	47.4107
1448	0.445077	0.610103
3068	1.23388	1.69138
2656	0.173702	0.173702
1199	7.136	42.5529
1207	10.5262	62.7693
868	35.8495	29.3152
985	72.5779	59.3492
3340	3.43429	6.82096
1447	1.17511	2.47943
1184	0.982105	1.34625
1834	0.698401	0.957355
3116	9.36488	7.65796
3331	56.6235	46.3028
1240	65.4496	53.5202
2642	37.5927	30.7408
2243	7.46147	14.8195
3489	3.77157	7.49085
1497	115.783	94.6795
3438	148.628	121.538
34	38.4284	31.4241
210	59.5568	48.7015
1017	107.067	87.5525
2375	25.8685	21.1535
1968	8.46158	16.8058
2085	9.01381	17.9026
31	14.0297	11.4725
919	171.332	140.104
1746	70.1945	57.4002
2630	69.8355	57.1067
33	5.20103	11.8344
209	18.6412	40.6566
3131	18.5815	36.9053
3224	25.9534	51.547
144	37.0548	30.3009
2089	218.874	178.981
1249	53.4946	43.7443
1521	60.0824	49.1313
2200	53.8203	44.0105
2310	96.332	78.7738
1256	181.207	148.178
2754	4.40568	3.60267
1762	52.7846	43.1637
2296	166.642	136.269
2199	10.7959	24.3259
2309	10.6378	23.9101
1919	57.2868	46.8453
3197	37.1324	30.3644
593	27.2764	22.3048
2040	84.6328	69.2069
1410	37.6229	30.7655
2213	9.68241	7.91762
293	10.8524	8.87434
968	38.2018	31.2388
2039	0.785791	1.70364
1409	0.960305	2.14058
752	0.859212	0.702605
1192	2.37821	1.94473
2038	6.30753	5.75509
751	0.369766	0.701106
1193	8.87254	18.5919
1730	5.33195	4.86495
1739	11.3242	10.3323
923	41.8346	79.3219
953	46.0409	87.2974
1191	1.06989	4.62298
2333	8.71045	7.94755
2695	7.24765	6.61286
2366	4.71987	8.94926
2658	9.82809	18.6349
487	4.28249	18.5046
2050	6.52964	28.2146
160	8.78659	8.01702
356	0.97353	0.888264
1251	6.45433	5.88903
2884	10.8499	9.89962
1250	1.41383	3.24023
2883	3.87046	7.82343
